"../../../Engine/Plugins/2D/Paper2D/Content/PlaceholderTextures/DummySpriteTexture.ubulk" 0
"../../../Engine/Plugins/2D/Paper2D/Content/PlaceholderTextures/DummySpriteTexture.uasset" 1
"../../../Engine/Plugins/2D/Paper2D/Content/PlaceholderTextures/DummySpriteTexture.uexp" 2
"../../../Engine/Plugins/2D/Paper2D/Content/DummySprite.uasset" 3
"../../../Engine/Plugins/2D/Paper2D/Content/DummySprite.uexp" 4
"../../../Engine/Plugins/2D/Paper2D/Content/DefaultPaperTerrainMaterial.uasset" 5
"../../../Engine/Plugins/2D/Paper2D/Content/DefaultPaperTerrainMaterial.uexp" 6
"../../../Engine/Content/Animation/DefaultRecorderBoneCompression.uasset" 7
"../../../Engine/Content/Animation/DefaultRecorderBoneCompression.uexp" 8
"../../../Engine/Content/EditorResources/SmallFont.uasset" 9
"../../../Engine/Content/EditorResources/SmallFont.uexp" 10
"../../../Engine/Content/EngineFonts/Faces/DroidSansFallback.uexp" 11
"../../../Engine/Content/EngineFonts/Faces/DroidSansFallback.uasset" 12
"../../../Engine/Content/EngineFonts/Faces/DroidSansFallback.ufont" 13
"../../../Engine/Content/EngineFonts/Faces/DroidSansMono.uexp" 14
"../../../Engine/Content/EngineFonts/Faces/DroidSansMono.uasset" 15
"../../../Engine/Content/EngineFonts/Faces/DroidSansMono.ufont" 16
"../../../Engine/Content/EngineFonts/DroidSansMono.uasset" 17
"../../../Engine/Content/EngineFonts/DroidSansMono.uexp" 18
"../../../Engine/Content/EngineFonts/Faces/RobotoBold.uexp" 19
"../../../Engine/Content/EngineFonts/Faces/RobotoBold.uasset" 20
"../../../Engine/Content/EngineFonts/Faces/RobotoBold.ufont" 21
"../../../Engine/Content/EngineFonts/Faces/RobotoBoldItalic.uexp" 22
"../../../Engine/Content/EngineFonts/Faces/RobotoBoldItalic.uasset" 23
"../../../Engine/Content/EngineFonts/Faces/RobotoBoldItalic.ufont" 24
"../../../Engine/Content/EngineFonts/Faces/RobotoItalic.uexp" 25
"../../../Engine/Content/EngineFonts/Faces/RobotoItalic.uasset" 26
"../../../Engine/Content/EngineFonts/Faces/RobotoItalic.ufont" 27
"../../../Engine/Content/EngineFonts/Faces/RobotoLight.uexp" 28
"../../../Engine/Content/EngineFonts/Faces/RobotoLight.uasset" 29
"../../../Engine/Content/EngineFonts/Faces/RobotoLight.ufont" 30
"../../../Engine/Content/EngineFonts/Faces/RobotoRegular.uexp" 31
"../../../Engine/Content/EngineFonts/Faces/RobotoRegular.uasset" 32
"../../../Engine/Content/EngineFonts/Faces/RobotoRegular.ufont" 33
"../../../Engine/Content/EngineFonts/Roboto.uasset" 34
"../../../Engine/Content/EngineFonts/Roboto.uexp" 35
"../../../Engine/Content/EngineFonts/Faces/RobotoTiny.uexp" 36
"../../../Engine/Content/EngineFonts/Faces/RobotoTiny.uasset" 37
"../../../Engine/Content/EngineFonts/Faces/RobotoTiny.ufont" 38
"../../../Engine/Content/EngineFonts/RobotoTiny.uasset" 39
"../../../Engine/Content/EngineFonts/RobotoTiny.uexp" 40
"../../../Engine/Content/EngineFonts/SmallFont.uasset" 41
"../../../Engine/Content/EngineFonts/SmallFont.uexp" 42
"../../../Engine/Content/EngineFonts/TinyFont.uasset" 43
"../../../Engine/Content/EngineFonts/TinyFont.uexp" 44
"../../../Engine/Content/EngineMaterials/DefaultDestructiblePhysicalMaterial.uasset" 45
"../../../Engine/Content/EngineMaterials/DefaultDestructiblePhysicalMaterial.uexp" 46
"../../../Engine/Content/EngineMaterials/DefaultPhysicalMaterial.uasset" 47
"../../../Engine/Content/EngineMaterials/DefaultPhysicalMaterial.uexp" 48
"../../../Engine/Content/EngineMaterials/LandscapeHolePhysicalMaterial.uasset" 49
"../../../Engine/Content/EngineMaterials/LandscapeHolePhysicalMaterial.uexp" 50
"../../../Engine/Content/EngineMaterials/PhysMat_Carboard.uasset" 51
"../../../Engine/Content/EngineMaterials/PhysMat_Carboard.uexp" 52
"../../../Engine/Content/EngineMaterials/PhysMat_Ice.uasset" 53
"../../../Engine/Content/EngineMaterials/PhysMat_Ice.uexp" 54
"../../../Engine/Content/EngineMaterials/PhysMat_Metal.uasset" 55
"../../../Engine/Content/EngineMaterials/PhysMat_Metal.uexp" 56
"../../../Engine/Content/EngineMaterials/PhysMat_Vehicle.uasset" 57
"../../../Engine/Content/EngineMaterials/PhysMat_Vehicle.uexp" 58
"../../../Engine/Content/EngineMaterials/PhysMat_VehicleRagdoll.uasset" 59
"../../../Engine/Content/EngineMaterials/PhysMat_VehicleRagdoll.uexp" 60
"../../../Engine/Content/EngineSounds/Master.uasset" 61
"../../../Engine/Content/EngineSounds/Master.uexp" 62
"../../../Engine/Plugins/Animation/ControlRig/Content/Controls/DefaultGizmoLibraryNormalized.uasset" 63
"../../../Engine/Plugins/Animation/ControlRig/Content/Controls/DefaultGizmoLibraryNormalized.uexp" 64
"../../../Engine/Plugins/Interchange/Runtime/Content/Pipelines/DefaultGLTFSceneAssetsPipeline.uasset" 65
"../../../Engine/Plugins/Interchange/Runtime/Content/Pipelines/DefaultGLTFSceneAssetsPipeline.uexp" 66
"../../../Engine/Plugins/Interchange/Runtime/Content/Pipelines/DefaultMaterialPipeline.uasset" 67
"../../../Engine/Plugins/Interchange/Runtime/Content/Pipelines/DefaultMaterialPipeline.uexp" 68
"../../../Engine/Plugins/Interchange/Runtime/Content/Pipelines/DefaultMaterialXPipeline.uasset" 69
"../../../Engine/Plugins/Interchange/Runtime/Content/Pipelines/DefaultMaterialXPipeline.uexp" 70
"../../../Engine/Plugins/Interchange/Runtime/Content/Pipelines/DefaultSceneAssetsPipeline.uasset" 71
"../../../Engine/Plugins/Interchange/Runtime/Content/Pipelines/DefaultSceneAssetsPipeline.uexp" 72
"../../../Engine/Plugins/Interchange/Runtime/Content/Pipelines/DefaultSceneLevelPipeline.uasset" 73
"../../../Engine/Plugins/Interchange/Runtime/Content/Pipelines/DefaultSceneLevelPipeline.uexp" 74
"../../../Engine/Plugins/Interchange/Runtime/Content/Pipelines/DefaultTexturePipeline.uasset" 75
"../../../Engine/Plugins/Interchange/Runtime/Content/Pipelines/DefaultTexturePipeline.uexp" 76
"../../../Engine/Content/MobileResources/HUD/VirtualJoystick_Background.uasset" 77
"../../../Engine/Content/MobileResources/HUD/VirtualJoystick_Background.uexp" 78
"../../../Engine/Content/MobileResources/HUD/VirtualJoystick_Thumb.uasset" 79
"../../../Engine/Content/MobileResources/HUD/VirtualJoystick_Thumb.uexp" 80
"../../../Engine/Content/MobileResources/HUD/DefaultVirtualJoysticks.uasset" 81
"../../../Engine/Content/MobileResources/HUD/DefaultVirtualJoysticks.uexp" 82
"../../../Engine/Content/VREditor/Fonts/VRText_RobotoLarge.uasset" 83
"../../../Engine/Content/VREditor/Fonts/VRText_RobotoLarge.uexp" 84
"C:/Mi498/MI498_UEProject/Plugins/Wwise/Content/S_AkSpotReflector.uasset" 85
"C:/Mi498/MI498_UEProject/Plugins/Wwise/Content/S_AkSpotReflector.uexp" 86
"../../../Engine/Plugins/2D/Paper2D/Content/DefaultSpriteMaterial.uasset" 87
"../../../Engine/Plugins/2D/Paper2D/Content/DefaultSpriteMaterial.uexp" 88
"../../../Engine/Plugins/2D/Paper2D/Content/MaskedUnlitSpriteMaterial.uasset" 89
"../../../Engine/Plugins/2D/Paper2D/Content/MaskedUnlitSpriteMaterial.uexp" 90
"../../../Engine/Plugins/2D/Paper2D/Content/OpaqueUnlitSpriteMaterial.uasset" 91
"../../../Engine/Plugins/2D/Paper2D/Content/OpaqueUnlitSpriteMaterial.uexp" 92
"../../../Engine/Content/Functions/Engine_MaterialFunctions02/WorldPositionOffset/CameraOffset.uasset" 93
"../../../Engine/Content/Functions/Engine_MaterialFunctions02/WorldPositionOffset/CameraOffset.uexp" 94
"../../../Engine/Plugins/Animation/ControlRig/Content/M_Manip.uasset" 95
"../../../Engine/Plugins/Animation/ControlRig/Content/M_Manip.uexp" 96
"../../../Engine/Content/EngineMaterials/T_Default_Material_Grid_M.ubulk" 97
"../../../Engine/Content/EngineMaterials/T_Default_Material_Grid_M.uasset" 98
"../../../Engine/Content/EngineMaterials/T_Default_Material_Grid_M.uexp" 99
"../../../Engine/Content/EngineMaterials/T_Default_Material_Grid_N.ubulk" 100
"../../../Engine/Content/EngineMaterials/T_Default_Material_Grid_N.uasset" 101
"../../../Engine/Content/EngineMaterials/T_Default_Material_Grid_N.uexp" 102
"../../../Engine/Content/Functions/Engine_MaterialFunctions01/Opacity/CameraDepthFade.uasset" 103
"../../../Engine/Content/Functions/Engine_MaterialFunctions01/Opacity/CameraDepthFade.uexp" 104
"../../../Engine/Content/EngineMaterials/WorldGridMaterial.uasset" 105
"../../../Engine/Content/EngineMaterials/WorldGridMaterial.uexp" 106
"../../../Engine/Plugins/Media/MediaPlate/Content/SM_MediaPlateScreen.ubulk" 107
"../../../Engine/Plugins/Media/MediaPlate/Content/SM_MediaPlateScreen.uasset" 108
"../../../Engine/Plugins/Media/MediaPlate/Content/SM_MediaPlateScreen.uexp" 109
"../../../Engine/Plugins/NNE/NNEDenoiser/Content/NNEDIM_ColorAlbedoNormal_Alpha.uasset" 110
"../../../Engine/Plugins/NNE/NNEDenoiser/Content/NNEDIM_ColorAlbedoNormal_Alpha.uexp" 111
"../../../Engine/Plugins/NNE/NNEDenoiser/Content/NNEDIM_ColorAlbedoNormal_Default.uasset" 112
"../../../Engine/Plugins/NNE/NNEDenoiser/Content/NNEDIM_ColorAlbedoNormal_Default.uexp" 113
"../../../Engine/Plugins/NNE/NNEDenoiser/Content/NNEDIM_HighQuality_Alpha.uasset" 114
"../../../Engine/Plugins/NNE/NNEDenoiser/Content/NNEDIM_HighQuality_Alpha.uexp" 115
"../../../Engine/Plugins/NNE/NNEDenoiser/Content/NNEDIM_HighQuality_Default.uasset" 116
"../../../Engine/Plugins/NNE/NNEDenoiser/Content/NNEDIM_HighQuality_Default.uexp" 117
"../../../Engine/Plugins/NNE/NNEDenoiser/Content/NNEDOM_Output_Alpha.uasset" 118
"../../../Engine/Plugins/NNE/NNEDenoiser/Content/NNEDOM_Output_Alpha.uexp" 119
"../../../Engine/Plugins/NNE/NNEDenoiser/Content/NNEDOM_Output_Default.uasset" 120
"../../../Engine/Plugins/NNE/NNEDenoiser/Content/NNEDOM_Output_Default.uexp" 121
"../../../Engine/Plugins/NNE/NNEDenoiser/Content/NNEDTIM_ColorAlbedoNormal_Alpha.uasset" 122
"../../../Engine/Plugins/NNE/NNEDenoiser/Content/NNEDTIM_ColorAlbedoNormal_Alpha.uexp" 123
"../../../Engine/Plugins/NNE/NNEDenoiser/Content/NNEDTIM_ColorAlbedoNormal_Default.uasset" 124
"../../../Engine/Plugins/NNE/NNEDenoiser/Content/NNEDTIM_ColorAlbedoNormal_Default.uexp" 125
"../../../Engine/Plugins/NNE/NNEDenoiser/Content/NNEDTOM_Output_Alpha.uasset" 126
"../../../Engine/Plugins/NNE/NNEDenoiser/Content/NNEDTOM_Output_Alpha.uexp" 127
"../../../Engine/Plugins/NNE/NNEDenoiser/Content/NNEDTOM_Output_Default.uasset" 128
"../../../Engine/Plugins/NNE/NNEDenoiser/Content/NNEDTOM_Output_Default.uexp" 129
"../../../Engine/Plugins/NNE/NNEDenoiser/Content/NNEDT_Oidn2-3_Balanced.uasset" 130
"../../../Engine/Plugins/NNE/NNEDenoiser/Content/NNEDT_Oidn2-3_Balanced.uexp" 131
"../../../Engine/Plugins/NNE/NNEDenoiser/Content/NNEDT_Oidn2-3_Balanced_Alpha.uasset" 132
"../../../Engine/Plugins/NNE/NNEDenoiser/Content/NNEDT_Oidn2-3_Balanced_Alpha.uexp" 133
"../../../Engine/Plugins/NNE/NNEDenoiser/Content/NNED_Oidn2-3_Balanced.uasset" 134
"../../../Engine/Plugins/NNE/NNEDenoiser/Content/NNED_Oidn2-3_Balanced.uexp" 135
"../../../Engine/Plugins/NNE/NNEDenoiser/Content/NNED_Oidn2-3_Balanced_Alpha.uasset" 136
"../../../Engine/Plugins/NNE/NNEDenoiser/Content/NNED_Oidn2-3_Balanced_Alpha.uexp" 137
"../../../Engine/Plugins/NNE/NNEDenoiser/Content/NNED_Oidn2-3_Fast.uasset" 138
"../../../Engine/Plugins/NNE/NNEDenoiser/Content/NNED_Oidn2-3_Fast.uexp" 139
"../../../Engine/Plugins/NNE/NNEDenoiser/Content/NNED_Oidn2-3_Fast_Alpha.uasset" 140
"../../../Engine/Plugins/NNE/NNEDenoiser/Content/NNED_Oidn2-3_Fast_Alpha.uexp" 141
"../../../Engine/Plugins/NNE/NNEDenoiser/Content/NNED_Oidn2-3_HighQuality.uasset" 142
"../../../Engine/Plugins/NNE/NNEDenoiser/Content/NNED_Oidn2-3_HighQuality.uexp" 143
"../../../Engine/Plugins/NNE/NNEDenoiser/Content/NNED_Oidn2-3_HighQuality_Alpha.uasset" 144
"../../../Engine/Plugins/NNE/NNEDenoiser/Content/NNED_Oidn2-3_HighQuality_Alpha.uexp" 145
"../../../Engine/Plugins/NNE/NNEDenoiser/Content/NNE_oidn2-3-0_rt_hdr_alb_nrm_small__dyn__fp16_opset11_DenoiseAlpha.uasset" 146
"../../../Engine/Plugins/NNE/NNEDenoiser/Content/NNE_oidn2-3-0_rt_hdr_alb_nrm_small__dyn__fp16_opset11_DenoiseAlpha.uexp" 147
"../../../Engine/Plugins/NNE/NNEDenoiser/Content/NNE_oidn2-3-0_rt_hdr_alb_nrm_small__dyn__fp16_opset11_ForwardAlpha.uasset" 148
"../../../Engine/Plugins/NNE/NNEDenoiser/Content/NNE_oidn2-3-0_rt_hdr_alb_nrm_small__dyn__fp16_opset11_ForwardAlpha.uexp" 149
"../../../Engine/Plugins/NNE/NNEDenoiser/Content/NNE_oidn2-3-0_rt_hdr_alb_nrm__dyn__fp16_opset11_DenoiseAlpha.uasset" 150
"../../../Engine/Plugins/NNE/NNEDenoiser/Content/NNE_oidn2-3-0_rt_hdr_alb_nrm__dyn__fp16_opset11_DenoiseAlpha.uexp" 151
"../../../Engine/Plugins/NNE/NNEDenoiser/Content/NNE_oidn2-3-0_rt_hdr_alb_nrm__dyn__fp16_opset11_ForwardAlpha.uasset" 152
"../../../Engine/Plugins/NNE/NNEDenoiser/Content/NNE_oidn2-3-0_rt_hdr_alb_nrm__dyn__fp16_opset11_ForwardAlpha.uexp" 153
"../../../Engine/Plugins/NNE/NNEDenoiser/Content/NNE_oidn2-3-0_rt_hdr_calb_cnrm_large__dyn__fp16_opset11_DenoiseAlpha.uasset" 154
"../../../Engine/Plugins/NNE/NNEDenoiser/Content/NNE_oidn2-3-0_rt_hdr_calb_cnrm_large__dyn__fp16_opset11_DenoiseAlpha.uexp" 155
"../../../Engine/Plugins/NNE/NNEDenoiser/Content/NNE_oidn2-3-0_rt_hdr_calb_cnrm_large__dyn__fp16_opset11_ForwardAlpha.uasset" 156
"../../../Engine/Plugins/NNE/NNEDenoiser/Content/NNE_oidn2-3-0_rt_hdr_calb_cnrm_large__dyn__fp16_opset11_ForwardAlpha.uexp" 157
"../../../Engine/Content/EngineMaterials/DefaultMaterial.uasset" 158
"../../../Engine/Content/EngineMaterials/DefaultMaterial.uexp" 159
"../../../Engine/Content/BasicShapes/Cone.ubulk" 160
"../../../Engine/Content/BasicShapes/Cone.uasset" 161
"../../../Engine/Content/BasicShapes/Cone.uexp" 162
"../../../Engine/Content/EditorLandscapeResources/DefaultAlphaTexture.uasset" 163
"../../../Engine/Content/EditorLandscapeResources/DefaultAlphaTexture.uexp" 164
"../../../Engine/Content/EditorLandscapeResources/ColorMaskBrushMaterial.uasset" 165
"../../../Engine/Content/EditorLandscapeResources/ColorMaskBrushMaterial.uexp" 166
"../../../Engine/Content/EditorLandscapeResources/ColorMaskBrushMaterial_MaskedRegion.uasset" 167
"../../../Engine/Content/EditorLandscapeResources/ColorMaskBrushMaterial_MaskedRegion.uexp" 168
"../../../Engine/Content/BasicShapes/Cylinder.ubulk" 169
"../../../Engine/Content/BasicShapes/Cylinder.uasset" 170
"../../../Engine/Content/BasicShapes/Cylinder.uexp" 171
"../../../Engine/Content/EditorLandscapeResources/LandscapeDirtyMaterial.uasset" 172
"../../../Engine/Content/EditorLandscapeResources/LandscapeDirtyMaterial.uexp" 173
"../../../Engine/Content/EngineMaterials/DefaultDiffuse.ubulk" 174
"../../../Engine/Content/EngineMaterials/DefaultDiffuse.uasset" 175
"../../../Engine/Content/EngineMaterials/DefaultDiffuse.uexp" 176
"../../../Engine/Content/Functions/Engine_MaterialFunctions01/Texturing/TextureCropping.uasset" 177
"../../../Engine/Content/Functions/Engine_MaterialFunctions01/Texturing/TextureCropping.uexp" 178
"../../../Engine/Content/Functions/Engine_MaterialFunctions02/ExampleContent/DebugNumberStrip.uasset" 179
"../../../Engine/Content/Functions/Engine_MaterialFunctions02/ExampleContent/DebugNumberStrip.uexp" 180
"../../../Engine/Content/Functions/Engine_MaterialFunctions01/Debug/DebugIntValues.uasset" 181
"../../../Engine/Content/Functions/Engine_MaterialFunctions01/Debug/DebugIntValues.uexp" 182
"../../../Engine/Content/Functions/Engine_MaterialFunctions02/Utility/BreakOutFloat2Components.uasset" 183
"../../../Engine/Content/Functions/Engine_MaterialFunctions02/Utility/BreakOutFloat2Components.uexp" 184
"../../../Engine/Content/Functions/Engine_MaterialFunctions01/Texturing/ScaleUVsByCenter.uasset" 185
"../../../Engine/Content/Functions/Engine_MaterialFunctions01/Texturing/ScaleUVsByCenter.uexp" 186
"../../../Engine/Content/Functions/Engine_MaterialFunctions02/WorldPositionOffset/LocalPosition.uasset" 187
"../../../Engine/Content/Functions/Engine_MaterialFunctions02/WorldPositionOffset/LocalPosition.uexp" 188
"../../../Engine/Content/EditorLandscapeResources/LandscapeLayerUsageMaterial.uasset" 189
"../../../Engine/Content/EditorLandscapeResources/LandscapeLayerUsageMaterial.uexp" 190
"../../../Engine/Content/EditorLandscapeResources/WhiteSquareTexture.uasset" 191
"../../../Engine/Content/EditorLandscapeResources/WhiteSquareTexture.uexp" 192
"../../../Engine/Content/EditorLandscapeResources/LayerVisMaterial.uasset" 193
"../../../Engine/Content/EditorLandscapeResources/LayerVisMaterial.uexp" 194
"../../../Engine/Content/Functions/Engine_MaterialFunctions02/Utility/MakeFloat3.uasset" 195
"../../../Engine/Content/Functions/Engine_MaterialFunctions02/Utility/MakeFloat3.uexp" 196
"../../../Engine/Content/Functions/Engine_MaterialFunctions03/Math/WithinRangeFloat2.uasset" 197
"../../../Engine/Content/Functions/Engine_MaterialFunctions03/Math/WithinRangeFloat2.uexp" 198
"../../../Engine/Content/EditorLandscapeResources/MaskBrushMaterial.uasset" 199
"../../../Engine/Content/EditorLandscapeResources/MaskBrushMaterial.uexp" 200
"../../../Engine/Content/EditorLandscapeResources/MaskBrushMaterial_MaskedRegion.uasset" 201
"../../../Engine/Content/EditorLandscapeResources/MaskBrushMaterial_MaskedRegion.uexp" 202
"../../../Engine/Content/EditorLandscapeResources/SelectBrushMaterial.uasset" 203
"../../../Engine/Content/EditorLandscapeResources/SelectBrushMaterial.uexp" 204
"../../../Engine/Content/EditorLandscapeResources/SelectBrushMaterial_Selected.uasset" 205
"../../../Engine/Content/EditorLandscapeResources/SelectBrushMaterial_Selected.uexp" 206
"../../../Engine/Content/EditorLandscapeResources/SelectBrushMaterial_SelectedRegion.uasset" 207
"../../../Engine/Content/EditorLandscapeResources/SelectBrushMaterial_SelectedRegion.uexp" 208
"../../../Engine/Content/EditorLandscapeResources/SplineEditorMeshMat.uasset" 209
"../../../Engine/Content/EditorLandscapeResources/SplineEditorMeshMat.uexp" 210
"../../../Engine/Content/EditorLandscapeResources/SplineEditorMesh.ubulk" 211
"../../../Engine/Content/EditorLandscapeResources/SplineEditorMesh.uasset" 212
"../../../Engine/Content/EditorLandscapeResources/SplineEditorMesh.uexp" 213
"../../../Engine/Content/EditorMaterials/PhAT_NoCollisionMaterial.uasset" 214
"../../../Engine/Content/EditorMaterials/PhAT_NoCollisionMaterial.uexp" 215
"../../../Engine/Content/EditorMaterials/PhAT_UnselectedMaterial.uasset" 216
"../../../Engine/Content/EditorMaterials/PhAT_UnselectedMaterial.uexp" 217
"../../../Engine/Content/EditorMaterials/PreviewShadowIndicator.ubulk" 218
"../../../Engine/Content/EditorMaterials/PreviewShadowIndicator.uasset" 219
"../../../Engine/Content/EditorMaterials/PreviewShadowIndicator.uexp" 220
"../../../Engine/Content/EditorMaterials/PreviewShadowIndicatorMaterial.uasset" 221
"../../../Engine/Content/EditorMaterials/PreviewShadowIndicatorMaterial.uexp" 222
"../../../Engine/Content/EditorResources/BSPVertex.uasset" 223
"../../../Engine/Content/EditorResources/BSPVertex.uexp" 224
"../../../Engine/Content/EditorResources/S_Solver.ubulk" 225
"../../../Engine/Content/EditorResources/S_Solver.uasset" 226
"../../../Engine/Content/EditorResources/S_Solver.uexp" 227
"../../../Engine/Content/EditorResources/S_Actor.ubulk" 228
"../../../Engine/Content/EditorResources/S_Actor.uasset" 229
"../../../Engine/Content/EditorResources/S_Actor.uexp" 230
"../../../Engine/Content/EditorResources/S_Terrain.ubulk" 231
"../../../Engine/Content/EditorResources/S_Terrain.uasset" 232
"../../../Engine/Content/EditorResources/S_Terrain.uexp" 233
"../../../Engine/Content/EditorResources/S_BoxReflectionCapture.uasset" 234
"../../../Engine/Content/EditorResources/S_BoxReflectionCapture.uexp" 235
"../../../Engine/Content/EditorResources/S_Trigger.ubulk" 236
"../../../Engine/Content/EditorResources/S_Trigger.uasset" 237
"../../../Engine/Content/EditorResources/S_Trigger.uexp" 238
"../../../Engine/Content/EditorResources/S_TriggerBox.uasset" 239
"../../../Engine/Content/EditorResources/S_TriggerBox.uexp" 240
"../../../Engine/Content/EditorResources/S_TriggerCapsule.uasset" 241
"../../../Engine/Content/EditorResources/S_TriggerCapsule.uexp" 242
"../../../Engine/Content/EditorResources/S_TriggerSphere.uasset" 243
"../../../Engine/Content/EditorResources/S_TriggerSphere.uexp" 244
"../../../Engine/Content/EngineDamageTypes/DmgTypeBP_Environmental.uasset" 245
"../../../Engine/Content/EngineDamageTypes/DmgTypeBP_Environmental.uexp" 246
"../../../Engine/Content/EngineDebugMaterials/M_SimpleUnlitTranslucent.uasset" 247
"../../../Engine/Content/EngineDebugMaterials/M_SimpleUnlitTranslucent.uexp" 248
"../../../Engine/Content/Functions/Engine_MaterialFunctions02/Utility/CameraDirectionVector.uasset" 249
"../../../Engine/Content/Functions/Engine_MaterialFunctions02/Utility/CameraDirectionVector.uexp" 250
"../../../Engine/Content/EngineDebugMaterials/VolumeToRender.uasset" 251
"../../../Engine/Content/EngineDebugMaterials/VolumeToRender.uexp" 252
"../../../Engine/Content/EngineDebugMaterials/M_VolumeRenderSphereTracePP.uasset" 253
"../../../Engine/Content/EngineDebugMaterials/M_VolumeRenderSphereTracePP.uexp" 254
"../../../Engine/Content/EngineDebugMaterials/DebugEditorMaterial.uasset" 255
"../../../Engine/Content/EngineDebugMaterials/DebugEditorMaterial.uexp" 256
"../../../Engine/Content/EngineDebugMaterials/DebugMeshMaterial.uasset" 257
"../../../Engine/Content/EngineDebugMaterials/DebugMeshMaterial.uexp" 258
"../../../Engine/Content/EngineMaterials/DefaultBloomKernel.uasset" 259
"../../../Engine/Content/EngineMaterials/DefaultBloomKernel.uexp" 260
"../../../Engine/Content/EngineMaterials/DefaultBokeh.uasset" 261
"../../../Engine/Content/EngineMaterials/DefaultBokeh.uexp" 262
"../../../Engine/Content/EngineMaterials/DefaultDeferredDecalMaterial.uasset" 263
"../../../Engine/Content/EngineMaterials/DefaultDeferredDecalMaterial.uexp" 264
"../../../Engine/Content/EngineMaterials/DefaultLightFunctionMaterial.uasset" 265
"../../../Engine/Content/EngineMaterials/DefaultLightFunctionMaterial.uexp" 266
"../../../Engine/Content/EngineMaterials/DefaultPostProcessMaterial.uasset" 267
"../../../Engine/Content/EngineMaterials/DefaultPostProcessMaterial.uexp" 268
"../../../Engine/Content/EngineFonts/RobotoDistanceField.uasset" 269
"../../../Engine/Content/EngineFonts/RobotoDistanceField.uexp" 270
"../../../Engine/Content/EngineMaterials/DefaultTextMaterialOpaque.uasset" 271
"../../../Engine/Content/EngineMaterials/DefaultTextMaterialOpaque.uexp" 272
"../../../Engine/Content/EngineMaterials/DefaultWhiteGrid_Low.uasset" 273
"../../../Engine/Content/EngineMaterials/DefaultWhiteGrid_Low.uexp" 274
"../../../Engine/Content/EngineMaterials/EmissiveMeshMaterial.uasset" 275
"../../../Engine/Content/EngineMaterials/EmissiveMeshMaterial.uexp" 276
"../../../Engine/Content/EngineMaterials/FastBlueNoise_scalar_128x128x64.uasset" 277
"../../../Engine/Content/EngineMaterials/FastBlueNoise_scalar_128x128x64.uexp" 278
"../../../Engine/Plugins/Experimental/MeshModelingToolsetExp/Content/Materials/GetDisplacementVectorForDepthBias.uasset" 279
"../../../Engine/Plugins/Experimental/MeshModelingToolsetExp/Content/Materials/GetDisplacementVectorForDepthBias.uexp" 280
"../../../Engine/Content/Functions/Engine_MaterialFunctions02/Math/ProjectVectorOntoPlane.uasset" 281
"../../../Engine/Content/Functions/Engine_MaterialFunctions02/Math/ProjectVectorOntoPlane.uexp" 282
"../../../Engine/Content/Functions/Engine_MaterialFunctions03/Viewport/MF_OrthoWidth.uasset" 283
"../../../Engine/Content/Functions/Engine_MaterialFunctions03/Viewport/MF_OrthoWidth.uexp" 284
"../../../Engine/Content/EngineMaterials/LineSetComponentMaterial.uasset" 285
"../../../Engine/Content/EngineMaterials/LineSetComponentMaterial.uexp" 286
"../../../Engine/Content/EngineMaterials/FastBlueNoise_scalar_128x128x8.uasset" 287
"../../../Engine/Content/EngineMaterials/FastBlueNoise_scalar_128x128x8.uexp" 288
"../../../Engine/Content/EngineMaterials/MiniFont.uasset" 289
"../../../Engine/Content/EngineMaterials/MiniFont.uexp" 290
"../../../Engine/Content/EngineMaterials/InvalidLightmapSettings.ubulk" 291
"../../../Engine/Content/EngineMaterials/InvalidLightmapSettings.uasset" 292
"../../../Engine/Content/EngineMaterials/InvalidLightmapSettings.uexp" 293
"../../../Engine/Content/EngineMaterials/M_InvalidLightmapSettings.uasset" 294
"../../../Engine/Content/EngineMaterials/M_InvalidLightmapSettings.uexp" 295
"../../../Engine/Content/EngineMaterials/FastBlueNoise_vec2_128x128x64.uasset" 296
"../../../Engine/Content/EngineMaterials/FastBlueNoise_vec2_128x128x64.uexp" 297
"../../../Engine/Content/EngineMaterials/NaniteHiddenSectionMaterial.uasset" 298
"../../../Engine/Content/EngineMaterials/NaniteHiddenSectionMaterial.uexp" 299
"../../../Engine/Content/EngineMaterials/PhAT_JointLimitMaterial.uasset" 300
"../../../Engine/Content/EngineMaterials/PhAT_JointLimitMaterial.uexp" 301
"../../../Engine/Content/EngineMaterials/DefaultCalibrationColor.uasset" 302
"../../../Engine/Content/EngineMaterials/DefaultCalibrationColor.uexp" 303
"../../../Engine/Content/EngineMaterials/PPM_DefaultCalibrationColor.uasset" 304
"../../../Engine/Content/EngineMaterials/PPM_DefaultCalibrationColor.uexp" 305
"../../../Engine/Content/EngineMaterials/DefaultCalibrationGrayscale.uasset" 306
"../../../Engine/Content/EngineMaterials/DefaultCalibrationGrayscale.uexp" 307
"../../../Engine/Content/EngineMaterials/PPM_DefaultCalibrationGrayscale.uasset" 308
"../../../Engine/Content/EngineMaterials/PPM_DefaultCalibrationGrayscale.uexp" 309
"../../../Engine/Content/EngineMaterials/PreintegratedSkinBRDF.uasset" 310
"../../../Engine/Content/EngineMaterials/PreintegratedSkinBRDF.uexp" 311
"../../../Engine/Content/EngineMaterials/RemoveSurfaceMaterial.uasset" 312
"../../../Engine/Content/EngineMaterials/RemoveSurfaceMaterial.uexp" 313
"../../../Engine/Content/EngineMaterials/SMAAAreaTex.uasset" 314
"../../../Engine/Content/EngineMaterials/SMAAAreaTex.uexp" 315
"../../../Engine/Content/EngineMaterials/SMAASearchTex.uasset" 316
"../../../Engine/Content/EngineMaterials/SMAASearchTex.uexp" 317
"../../../Engine/Content/EngineMeshes/Sphere.ubulk" 318
"../../../Engine/Content/EngineMeshes/Sphere.uasset" 319
"../../../Engine/Content/EngineMeshes/Sphere.uexp" 320
"../../../Engine/Content/EngineMaterials/WeightMapPlaceholderTexture.uasset" 321
"../../../Engine/Content/EngineMaterials/WeightMapPlaceholderTexture.uexp" 322
"../../../Engine/Content/EngineMaterials/WeightMapArrayPlaceholderTexture.uasset" 323
"../../../Engine/Content/EngineMaterials/WeightMapArrayPlaceholderTexture.uexp" 324
"../../../Engine/Content/EngineResources/WhiteSquareTexture.uasset" 325
"../../../Engine/Content/EngineResources/WhiteSquareTexture.uexp" 326
"../../../Engine/Content/EngineMaterials/Widget3DPassThrough.uasset" 327
"../../../Engine/Content/EngineMaterials/Widget3DPassThrough.uexp" 328
"../../../Engine/Content/EngineMaterials/Widget3DPassThrough_Masked.uasset" 329
"../../../Engine/Content/EngineMaterials/Widget3DPassThrough_Masked.uexp" 330
"../../../Engine/Content/EngineMaterials/Widget3DPassThrough_Opaque.uasset" 331
"../../../Engine/Content/EngineMaterials/Widget3DPassThrough_Opaque.uexp" 332
"../../../Engine/Content/EngineMaterials/Widget3DPassThrough_Masked_OneSided.uasset" 333
"../../../Engine/Content/EngineMaterials/Widget3DPassThrough_Masked_OneSided.uexp" 334
"../../../Engine/Content/EngineMaterials/BaseFlattenDiffuseMap.uasset" 335
"../../../Engine/Content/EngineMaterials/BaseFlattenDiffuseMap.uexp" 336
"../../../Engine/Content/EngineMaterials/BaseFlattenEmissiveMap.uasset" 337
"../../../Engine/Content/EngineMaterials/BaseFlattenEmissiveMap.uexp" 338
"../../../Engine/Content/EngineMaterials/BaseFlattenGrayscaleMap.uasset" 339
"../../../Engine/Content/EngineMaterials/BaseFlattenGrayscaleMap.uexp" 340
"../../../Engine/Content/EngineMaterials/BaseFlattenLinearColor.uasset" 341
"../../../Engine/Content/EngineMaterials/BaseFlattenLinearColor.uexp" 342
"../../../Engine/Content/EngineMaterials/BaseFlattenNormalMap.uasset" 343
"../../../Engine/Content/EngineMaterials/BaseFlattenNormalMap.uexp" 344
"../../../Engine/Content/Functions/Engine_MaterialFunctions02/PivotPainter2/Black_1x1_EXR_Texture.uasset" 345
"../../../Engine/Content/Functions/Engine_MaterialFunctions02/PivotPainter2/Black_1x1_EXR_Texture.uexp" 346
"../../../Engine/Content/EngineMaterials/FlattenMaterial.uasset" 347
"../../../Engine/Content/EngineMaterials/FlattenMaterial.uexp" 348
"../../../Engine/Content/EngineMaterials/Widget3DPassThrough_Opaque_OneSided.uasset" 349
"../../../Engine/Content/EngineMaterials/Widget3DPassThrough_Opaque_OneSided.uexp" 350
"../../../Engine/Content/EngineMaterials/BaseFlattenDiffuseMap_VT.ubulk" 351
"../../../Engine/Content/EngineMaterials/BaseFlattenDiffuseMap_VT.uasset" 352
"../../../Engine/Content/EngineMaterials/BaseFlattenDiffuseMap_VT.uexp" 353
"../../../Engine/Content/EngineMaterials/BaseFlattenEmissiveMap_VT.ubulk" 354
"../../../Engine/Content/EngineMaterials/BaseFlattenEmissiveMap_VT.uasset" 355
"../../../Engine/Content/EngineMaterials/BaseFlattenEmissiveMap_VT.uexp" 356
"../../../Engine/Content/EngineMaterials/BaseFlattenGrayscaleMap_VT.ubulk" 357
"../../../Engine/Content/EngineMaterials/BaseFlattenGrayscaleMap_VT.uasset" 358
"../../../Engine/Content/EngineMaterials/BaseFlattenGrayscaleMap_VT.uexp" 359
"../../../Engine/Content/EngineMaterials/BaseFlattenLinearColor_VT.ubulk" 360
"../../../Engine/Content/EngineMaterials/BaseFlattenLinearColor_VT.uasset" 361
"../../../Engine/Content/EngineMaterials/BaseFlattenLinearColor_VT.uexp" 362
"../../../Engine/Content/EngineMaterials/BaseFlattenNormalMap_VT.ubulk" 363
"../../../Engine/Content/EngineMaterials/BaseFlattenNormalMap_VT.uasset" 364
"../../../Engine/Content/EngineMaterials/BaseFlattenNormalMap_VT.uexp" 365
"../../../Engine/Content/EngineMaterials/Black_1x1_EXR_Texture_VT.ubulk" 366
"../../../Engine/Content/EngineMaterials/Black_1x1_EXR_Texture_VT.uasset" 367
"../../../Engine/Content/EngineMaterials/Black_1x1_EXR_Texture_VT.uexp" 368
"../../../Engine/Content/EngineMaterials/FlattenMaterial_VT.uasset" 369
"../../../Engine/Content/EngineMaterials/FlattenMaterial_VT.uexp" 370
"../../../Engine/Content/EngineMaterials/Widget3DPassThrough_Translucent.uasset" 371
"../../../Engine/Content/EngineMaterials/Widget3DPassThrough_Translucent.uexp" 372
"../../../Engine/Content/EngineMaterials/Widget3DPassThrough_Translucent_OneSided.uasset" 373
"../../../Engine/Content/EngineMaterials/Widget3DPassThrough_Translucent_OneSided.uexp" 374
"../../../Engine/Content/EngineMaterials/FlattenMaterial_WS_Normal_VT.uasset" 375
"../../../Engine/Content/EngineMaterials/FlattenMaterial_WS_Normal_VT.uexp" 376
"../../../Engine/Content/EngineMaterials/GizmoMaterial.uasset" 377
"../../../Engine/Content/EngineMaterials/GizmoMaterial.uexp" 378
"../../../Engine/Content/EngineResources/Black.uasset" 379
"../../../Engine/Content/EngineResources/Black.uexp" 380
"../../../Engine/Content/EngineResources/DefaultTexture.ubulk" 381
"../../../Engine/Content/EngineResources/DefaultTexture.uasset" 382
"../../../Engine/Content/EngineResources/DefaultTexture.uexp" 383
"../../../Engine/Content/EngineResources/DefaultTextureCube.uasset" 384
"../../../Engine/Content/EngineResources/DefaultTextureCube.uexp" 385
"../../../Engine/Content/EngineResources/GradientTexture0.uasset" 386
"../../../Engine/Content/EngineResources/GradientTexture0.uexp" 387
"../../../Engine/Content/EngineResources/LandscapeVisibilityLayerInfo.uasset" 388
"../../../Engine/Content/EngineResources/LandscapeVisibilityLayerInfo.uexp" 389
"../../../Engine/Plugins/Animation/ControlRig/Content/Controls/ControlRig_Circle_1mm.ubulk" 390
"../../../Engine/Plugins/Animation/ControlRig/Content/Controls/ControlRig_Circle_1mm.uasset" 391
"../../../Engine/Plugins/Animation/ControlRig/Content/Controls/ControlRig_Circle_1mm.uexp" 392
"../../../Engine/Plugins/Animation/ControlRig/Content/Controls/ControlRig_Circle_3mm.ubulk" 393
"../../../Engine/Plugins/Animation/ControlRig/Content/Controls/ControlRig_Circle_3mm.uasset" 394
"../../../Engine/Plugins/Animation/ControlRig/Content/Controls/ControlRig_Circle_3mm.uexp" 395
"../../../Engine/Content/Functions/Engine_MaterialFunctions02/SplitComponents.uasset" 396
"../../../Engine/Content/Functions/Engine_MaterialFunctions02/SplitComponents.uexp" 397
"../../../Engine/Content/Functions/Engine_MaterialFunctions02/Utility/BreakOutFloat3Components.uasset" 398
"../../../Engine/Content/Functions/Engine_MaterialFunctions02/Utility/BreakOutFloat3Components.uexp" 399
"../../../Engine/Content/Functions/Engine_MaterialFunctions02/Math/Transform3x3Matrix.uasset" 400
"../../../Engine/Content/Functions/Engine_MaterialFunctions02/Math/Transform3x3Matrix.uexp" 401
"../../../Engine/Content/VREditor/SnapGrid/SnapGridMaterial.uasset" 402
"../../../Engine/Content/VREditor/SnapGrid/SnapGridMaterial.uexp" 403
"../../../Engine/Content/VREditor/SnapGrid/SnapGridPlaneMesh.ubulk" 404
"../../../Engine/Content/VREditor/SnapGrid/SnapGridPlaneMesh.uasset" 405
"../../../Engine/Content/VREditor/SnapGrid/SnapGridPlaneMesh.uexp" 406
"../../../Engine/Content/VREditor/LaserPointer/VR_LaserPower_01.ubulk" 407
"../../../Engine/Content/VREditor/LaserPointer/VR_LaserPower_01.uasset" 408
"../../../Engine/Content/VREditor/LaserPointer/VR_LaserPower_01.uexp" 409
"../../../Engine/Content/VREditor/TransformGizmo/TransformGizmoMaterial.uasset" 410
"../../../Engine/Content/VREditor/TransformGizmo/TransformGizmoMaterial.uexp" 411
"../../../Engine/Content/VREditor/TransformGizmo/TranslucentTransformGizmoMaterial.uasset" 412
"../../../Engine/Content/VREditor/TransformGizmo/TranslucentTransformGizmoMaterial.uexp" 413
"../../../Engine/Content/VREditor/TransformGizmo/PlaneTranslationHandle.ubulk" 414
"../../../Engine/Content/VREditor/TransformGizmo/PlaneTranslationHandle.uasset" 415
"../../../Engine/Content/VREditor/TransformGizmo/PlaneTranslationHandle.uexp" 416
"../../../Engine/Content/VREditor/TransformGizmo/RotationHandleFull.ubulk" 417
"../../../Engine/Content/VREditor/TransformGizmo/RotationHandleFull.uasset" 418
"../../../Engine/Content/VREditor/TransformGizmo/RotationHandleFull.uexp" 419
"../../../Engine/Content/VREditor/TransformGizmo/RotationHandleIndicator.ubulk" 420
"../../../Engine/Content/VREditor/TransformGizmo/RotationHandleIndicator.uasset" 421
"../../../Engine/Content/VREditor/TransformGizmo/RotationHandleIndicator.uexp" 422
"../../../Engine/Content/VREditor/TransformGizmo/RotationHandleQuarter.ubulk" 423
"../../../Engine/Content/VREditor/TransformGizmo/RotationHandleQuarter.uasset" 424
"../../../Engine/Content/VREditor/TransformGizmo/RotationHandleQuarter.uexp" 425
"../../../Engine/Content/VREditor/TransformGizmo/StartRotationHandleIndicator.ubulk" 426
"../../../Engine/Content/VREditor/TransformGizmo/StartRotationHandleIndicator.uasset" 427
"../../../Engine/Content/VREditor/TransformGizmo/StartRotationHandleIndicator.uexp" 428
"../../../Engine/Content/VREditor/TransformGizmo/TranslucentTransformGizmoMaterial_Inst.uasset" 429
"../../../Engine/Content/VREditor/TransformGizmo/TranslucentTransformGizmoMaterial_Inst.uexp" 430
"../../../Engine/Content/VREditor/TransformGizmo/TransformGizmoFreeRotation.ubulk" 431
"../../../Engine/Content/VREditor/TransformGizmo/TransformGizmoFreeRotation.uasset" 432
"../../../Engine/Content/VREditor/TransformGizmo/TransformGizmoFreeRotation.uexp" 433
"../../../Engine/Content/VREditor/TransformGizmo/TransformGizmoMaterial_Inst.uasset" 434
"../../../Engine/Content/VREditor/TransformGizmo/TransformGizmoMaterial_Inst.uexp" 435
"../../../Engine/Content/VREditor/TransformGizmo/TranslateArrowHandle.ubulk" 436
"../../../Engine/Content/VREditor/TransformGizmo/TranslateArrowHandle.uasset" 437
"../../../Engine/Content/VREditor/TransformGizmo/TranslateArrowHandle.uexp" 438
"../../../Engine/Content/VREditor/TransformGizmo/UniformScaleHandle.ubulk" 439
"../../../Engine/Content/VREditor/TransformGizmo/UniformScaleHandle.uasset" 440
"../../../Engine/Content/VREditor/TransformGizmo/UniformScaleHandle.uexp" 441
"../../../Engine/Content/VREditor/Sounds/UI/Drop_Item_From_ContentBrowser.ubulk" 442
"../../../Engine/Content/VREditor/Sounds/UI/Drop_Item_From_ContentBrowser.uasset" 443
"../../../Engine/Content/VREditor/Sounds/UI/Drop_Item_From_ContentBrowser.uexp" 444
"../../../Engine/Content/VREditor/Sounds/UI/Gizmo_Handle_Clicked.ubulk" 445
"../../../Engine/Content/VREditor/Sounds/UI/Gizmo_Handle_Clicked.uasset" 446
"../../../Engine/Content/VREditor/Sounds/UI/Gizmo_Handle_Clicked.uexp" 447
"../../../Engine/Content/VREditor/Sounds/UI/Object_PickUp.ubulk" 448
"../../../Engine/Content/VREditor/Sounds/UI/Object_PickUp.uasset" 449
"../../../Engine/Content/VREditor/Sounds/UI/Object_PickUp.uexp" 450
"../../../Engine/Content/VREditor/Sounds/UI/Object_Snaps_To_Another_Actor.ubulk" 451
"../../../Engine/Content/VREditor/Sounds/UI/Object_Snaps_To_Another_Actor.uasset" 452
"../../../Engine/Content/VREditor/Sounds/UI/Object_Snaps_To_Another_Actor.uexp" 453
"../../../Engine/Content/VREditor/Sounds/UI/Object_Snaps_To_Grid.ubulk" 454
"../../../Engine/Content/VREditor/Sounds/UI/Object_Snaps_To_Grid.uasset" 455
"../../../Engine/Content/VREditor/Sounds/UI/Object_Snaps_To_Grid.uexp" 456
"../../../Engine/Content/VREditor/Sounds/UI/Scaling_Down.ubulk" 457
"../../../Engine/Content/VREditor/Sounds/UI/Scaling_Down.uasset" 458
"../../../Engine/Content/VREditor/Sounds/UI/Scaling_Down.uexp" 459
"../../../Engine/Content/VREditor/Sounds/UI/Scaling_Up.ubulk" 460
"../../../Engine/Content/VREditor/Sounds/UI/Scaling_Up.uasset" 461
"../../../Engine/Content/VREditor/Sounds/UI/Scaling_Up.uexp" 462
"../../../Engine/Content/VREditor/Sounds/UI/Selection_Changes.ubulk" 463
"../../../Engine/Content/VREditor/Sounds/UI/Selection_Changes.uasset" 464
"../../../Engine/Content/VREditor/Sounds/UI/Selection_Changes.uexp" 465
"../../../Engine/Plugins/Animation/ControlRig/Content/Controls/ControlRig_Circle_solid.ubulk" 466
"../../../Engine/Plugins/Animation/ControlRig/Content/Controls/ControlRig_Circle_solid.uasset" 467
"../../../Engine/Plugins/Animation/ControlRig/Content/Controls/ControlRig_Circle_solid.uexp" 468
"../../../Engine/Plugins/Animation/ControlRig/Content/Controls/ControlRig_Diamond_1mm.ubulk" 469
"../../../Engine/Plugins/Animation/ControlRig/Content/Controls/ControlRig_Diamond_1mm.uasset" 470
"../../../Engine/Plugins/Animation/ControlRig/Content/Controls/ControlRig_Diamond_1mm.uexp" 471
"../../../Engine/Plugins/Animation/ControlRig/Content/Controls/ControlRigGizmoMaterial.uasset" 472
"../../../Engine/Plugins/Animation/ControlRig/Content/Controls/ControlRigGizmoMaterial.uexp" 473
"../../../Engine/Plugins/Animation/ControlRig/Content/Controls/ControlRig_Diamond_3mm.ubulk" 474
"../../../Engine/Plugins/Animation/ControlRig/Content/Controls/ControlRig_Diamond_3mm.uasset" 475
"../../../Engine/Plugins/Animation/ControlRig/Content/Controls/ControlRig_Diamond_3mm.uexp" 476
"../../../Engine/Plugins/Animation/ControlRig/Content/Controls/ControlRigXRayMaterial.uasset" 477
"../../../Engine/Plugins/Animation/ControlRig/Content/Controls/ControlRigXRayMaterial.uexp" 478
"../../../Engine/Plugins/Animation/ControlRig/Content/Controls/ControlRig_Arrow2_1mm.ubulk" 479
"../../../Engine/Plugins/Animation/ControlRig/Content/Controls/ControlRig_Arrow2_1mm.uasset" 480
"../../../Engine/Plugins/Animation/ControlRig/Content/Controls/ControlRig_Arrow2_1mm.uexp" 481
"../../../Engine/Plugins/Animation/ControlRig/Content/Controls/ControlRig_Diamond_solid.ubulk" 482
"../../../Engine/Plugins/Animation/ControlRig/Content/Controls/ControlRig_Diamond_solid.uasset" 483
"../../../Engine/Plugins/Animation/ControlRig/Content/Controls/ControlRig_Diamond_solid.uexp" 484
"../../../Engine/Plugins/Animation/ControlRig/Content/Controls/ControlRig_Arrow2_3mm.ubulk" 485
"../../../Engine/Plugins/Animation/ControlRig/Content/Controls/ControlRig_Arrow2_3mm.uasset" 486
"../../../Engine/Plugins/Animation/ControlRig/Content/Controls/ControlRig_Arrow2_3mm.uexp" 487
"../../../Engine/Plugins/Animation/ControlRig/Content/Controls/ControlRig_HalfCircle_1mm.ubulk" 488
"../../../Engine/Plugins/Animation/ControlRig/Content/Controls/ControlRig_HalfCircle_1mm.uasset" 489
"../../../Engine/Plugins/Animation/ControlRig/Content/Controls/ControlRig_HalfCircle_1mm.uexp" 490
"../../../Engine/Plugins/Animation/ControlRig/Content/Controls/ControlRig_Arrow2_solid.ubulk" 491
"../../../Engine/Plugins/Animation/ControlRig/Content/Controls/ControlRig_Arrow2_solid.uasset" 492
"../../../Engine/Plugins/Animation/ControlRig/Content/Controls/ControlRig_Arrow2_solid.uexp" 493
"../../../Engine/Plugins/Animation/ControlRig/Content/Controls/ControlRig_HalfCircle_3mm.ubulk" 494
"../../../Engine/Plugins/Animation/ControlRig/Content/Controls/ControlRig_HalfCircle_3mm.uasset" 495
"../../../Engine/Plugins/Animation/ControlRig/Content/Controls/ControlRig_HalfCircle_3mm.uexp" 496
"../../../Engine/Plugins/Animation/ControlRig/Content/Controls/ControlRig_HalfCircle_solid.ubulk" 497
"../../../Engine/Plugins/Animation/ControlRig/Content/Controls/ControlRig_HalfCircle_solid.uasset" 498
"../../../Engine/Plugins/Animation/ControlRig/Content/Controls/ControlRig_HalfCircle_solid.uexp" 499
"../../../Engine/Plugins/Animation/ControlRig/Content/Controls/ControlRig_Arrow4_1mm.ubulk" 500
"../../../Engine/Plugins/Animation/ControlRig/Content/Controls/ControlRig_Arrow4_1mm.uasset" 501
"../../../Engine/Plugins/Animation/ControlRig/Content/Controls/ControlRig_Arrow4_1mm.uexp" 502
"../../../Engine/Plugins/Animation/ControlRig/Content/Controls/ControlRig_Hexagon_1mm.ubulk" 503
"../../../Engine/Plugins/Animation/ControlRig/Content/Controls/ControlRig_Hexagon_1mm.uasset" 504
"../../../Engine/Plugins/Animation/ControlRig/Content/Controls/ControlRig_Hexagon_1mm.uexp" 505
"../../../Engine/Plugins/Animation/ControlRig/Content/Controls/ControlRig_Arrow4_3mm.ubulk" 506
"../../../Engine/Plugins/Animation/ControlRig/Content/Controls/ControlRig_Arrow4_3mm.uasset" 507
"../../../Engine/Plugins/Animation/ControlRig/Content/Controls/ControlRig_Arrow4_3mm.uexp" 508
"../../../Engine/Plugins/Animation/ControlRig/Content/Controls/ControlRig_Hexagon_3mm.ubulk" 509
"../../../Engine/Plugins/Animation/ControlRig/Content/Controls/ControlRig_Hexagon_3mm.uasset" 510
"../../../Engine/Plugins/Animation/ControlRig/Content/Controls/ControlRig_Hexagon_3mm.uexp" 511
"../../../Engine/Plugins/Animation/ControlRig/Content/Controls/ControlRig_Arrow4_solid.ubulk" 512
"../../../Engine/Plugins/Animation/ControlRig/Content/Controls/ControlRig_Arrow4_solid.uasset" 513
"../../../Engine/Plugins/Animation/ControlRig/Content/Controls/ControlRig_Arrow4_solid.uexp" 514
"../../../Engine/Plugins/Animation/ControlRig/Content/Controls/ControlRig_Hexagon_solid.ubulk" 515
"../../../Engine/Plugins/Animation/ControlRig/Content/Controls/ControlRig_Hexagon_solid.uasset" 516
"../../../Engine/Plugins/Animation/ControlRig/Content/Controls/ControlRig_Hexagon_solid.uexp" 517
"../../../Engine/Plugins/Animation/ControlRig/Content/Controls/ControlRig_Arrow_1mm.ubulk" 518
"../../../Engine/Plugins/Animation/ControlRig/Content/Controls/ControlRig_Arrow_1mm.uasset" 519
"../../../Engine/Plugins/Animation/ControlRig/Content/Controls/ControlRig_Arrow_1mm.uexp" 520
"../../../Engine/Plugins/Animation/ControlRig/Content/Controls/ControlRig_Arrow_3mm.ubulk" 521
"../../../Engine/Plugins/Animation/ControlRig/Content/Controls/ControlRig_Arrow_3mm.uasset" 522
"../../../Engine/Plugins/Animation/ControlRig/Content/Controls/ControlRig_Arrow_3mm.uexp" 523
"../../../Engine/Plugins/Animation/ControlRig/Content/Controls/ControlRig_Octagon_1mm.ubulk" 524
"../../../Engine/Plugins/Animation/ControlRig/Content/Controls/ControlRig_Octagon_1mm.uasset" 525
"../../../Engine/Plugins/Animation/ControlRig/Content/Controls/ControlRig_Octagon_1mm.uexp" 526
"../../../Engine/Plugins/Animation/ControlRig/Content/Controls/ControlRig_Arrow_solid.ubulk" 527
"../../../Engine/Plugins/Animation/ControlRig/Content/Controls/ControlRig_Arrow_solid.uasset" 528
"../../../Engine/Plugins/Animation/ControlRig/Content/Controls/ControlRig_Arrow_solid.uexp" 529
"../../../Engine/Plugins/Animation/ControlRig/Content/Controls/ControlRig_Octagon_3mm.ubulk" 530
"../../../Engine/Plugins/Animation/ControlRig/Content/Controls/ControlRig_Octagon_3mm.uasset" 531
"../../../Engine/Plugins/Animation/ControlRig/Content/Controls/ControlRig_Octagon_3mm.uexp" 532
"../../../Engine/Plugins/Animation/ControlRig/Content/Controls/ControlRig_Box_1mm.ubulk" 533
"../../../Engine/Plugins/Animation/ControlRig/Content/Controls/ControlRig_Box_1mm.uasset" 534
"../../../Engine/Plugins/Animation/ControlRig/Content/Controls/ControlRig_Box_1mm.uexp" 535
"../../../Engine/Plugins/Animation/ControlRig/Content/Controls/ControlRig_Octagon_solid.ubulk" 536
"../../../Engine/Plugins/Animation/ControlRig/Content/Controls/ControlRig_Octagon_solid.uasset" 537
"../../../Engine/Plugins/Animation/ControlRig/Content/Controls/ControlRig_Octagon_solid.uexp" 538
"../../../Engine/Plugins/Animation/ControlRig/Content/Controls/ControlRig_Box_3mm.ubulk" 539
"../../../Engine/Plugins/Animation/ControlRig/Content/Controls/ControlRig_Box_3mm.uasset" 540
"../../../Engine/Plugins/Animation/ControlRig/Content/Controls/ControlRig_Box_3mm.uexp" 541
"../../../Engine/Plugins/Animation/ControlRig/Content/Controls/ControlRig_Pyramid_1mm.ubulk" 542
"../../../Engine/Plugins/Animation/ControlRig/Content/Controls/ControlRig_Pyramid_1mm.uasset" 543
"../../../Engine/Plugins/Animation/ControlRig/Content/Controls/ControlRig_Pyramid_1mm.uexp" 544
"../../../Engine/Plugins/Animation/ControlRig/Content/Controls/ControlRig_Box_solid.ubulk" 545
"../../../Engine/Plugins/Animation/ControlRig/Content/Controls/ControlRig_Box_solid.uasset" 546
"../../../Engine/Plugins/Animation/ControlRig/Content/Controls/ControlRig_Box_solid.uexp" 547
"../../../Engine/Plugins/Animation/ControlRig/Content/Controls/ControlRig_Pyramid_3mm.ubulk" 548
"../../../Engine/Plugins/Animation/ControlRig/Content/Controls/ControlRig_Pyramid_3mm.uasset" 549
"../../../Engine/Plugins/Animation/ControlRig/Content/Controls/ControlRig_Pyramid_3mm.uexp" 550
"../../../Engine/Plugins/Animation/ControlRig/Content/Controls/ControlRig_Pyramid_solid.ubulk" 551
"../../../Engine/Plugins/Animation/ControlRig/Content/Controls/ControlRig_Pyramid_solid.uasset" 552
"../../../Engine/Plugins/Animation/ControlRig/Content/Controls/ControlRig_Pyramid_solid.uexp" 553
"../../../Engine/Plugins/Animation/ControlRig/Content/Controls/ControlRig_QuarterCircle_1mm.ubulk" 554
"../../../Engine/Plugins/Animation/ControlRig/Content/Controls/ControlRig_QuarterCircle_1mm.uasset" 555
"../../../Engine/Plugins/Animation/ControlRig/Content/Controls/ControlRig_QuarterCircle_1mm.uexp" 556
"../../../Engine/Plugins/Animation/ControlRig/Content/Controls/ControlRig_QuarterCircle_3mm.ubulk" 557
"../../../Engine/Plugins/Animation/ControlRig/Content/Controls/ControlRig_QuarterCircle_3mm.uasset" 558
"../../../Engine/Plugins/Animation/ControlRig/Content/Controls/ControlRig_QuarterCircle_3mm.uexp" 559
"../../../Engine/Plugins/Animation/ControlRig/Content/Controls/ControlRig_QuarterCircle_solid.ubulk" 560
"../../../Engine/Plugins/Animation/ControlRig/Content/Controls/ControlRig_QuarterCircle_solid.uasset" 561
"../../../Engine/Plugins/Animation/ControlRig/Content/Controls/ControlRig_QuarterCircle_solid.uexp" 562
"../../../Engine/Plugins/Animation/ControlRig/Content/Controls/ControlRig_RoundedSquare_1mm.ubulk" 563
"../../../Engine/Plugins/Animation/ControlRig/Content/Controls/ControlRig_RoundedSquare_1mm.uasset" 564
"../../../Engine/Plugins/Animation/ControlRig/Content/Controls/ControlRig_RoundedSquare_1mm.uexp" 565
"../../../Engine/Plugins/Animation/ControlRig/Content/Controls/ControlRig_RoundedSquare_3mm.ubulk" 566
"../../../Engine/Plugins/Animation/ControlRig/Content/Controls/ControlRig_RoundedSquare_3mm.uasset" 567
"../../../Engine/Plugins/Animation/ControlRig/Content/Controls/ControlRig_RoundedSquare_3mm.uexp" 568
"../../../Engine/Plugins/Animation/ControlRig/Content/Controls/ControlRig_RoundedSquare_solid.ubulk" 569
"../../../Engine/Plugins/Animation/ControlRig/Content/Controls/ControlRig_RoundedSquare_solid.uasset" 570
"../../../Engine/Plugins/Animation/ControlRig/Content/Controls/ControlRig_RoundedSquare_solid.uexp" 571
"../../../Engine/Plugins/Animation/ControlRig/Content/Controls/ControlRig_RoundedTriangle_1mm.ubulk" 572
"../../../Engine/Plugins/Animation/ControlRig/Content/Controls/ControlRig_RoundedTriangle_1mm.uasset" 573
"../../../Engine/Plugins/Animation/ControlRig/Content/Controls/ControlRig_RoundedTriangle_1mm.uexp" 574
"../../../Engine/Plugins/Animation/ControlRig/Content/Controls/ControlRig_RoundedTriangle_3mm.ubulk" 575
"../../../Engine/Plugins/Animation/ControlRig/Content/Controls/ControlRig_RoundedTriangle_3mm.uasset" 576
"../../../Engine/Plugins/Animation/ControlRig/Content/Controls/ControlRig_RoundedTriangle_3mm.uexp" 577
"../../../Engine/Plugins/Animation/ControlRig/Content/Controls/ControlRig_RoundedTriangle_solid.ubulk" 578
"../../../Engine/Plugins/Animation/ControlRig/Content/Controls/ControlRig_RoundedTriangle_solid.uasset" 579
"../../../Engine/Plugins/Animation/ControlRig/Content/Controls/ControlRig_RoundedTriangle_solid.uexp" 580
"../../../Engine/Plugins/Animation/ControlRig/Content/Controls/ControlRig_Sphere_1mm.ubulk" 581
"../../../Engine/Plugins/Animation/ControlRig/Content/Controls/ControlRig_Sphere_1mm.uasset" 582
"../../../Engine/Plugins/Animation/ControlRig/Content/Controls/ControlRig_Sphere_1mm.uexp" 583
"../../../Engine/Plugins/Animation/ControlRig/Content/Controls/ControlRig_Sphere_3mm.ubulk" 584
"../../../Engine/Plugins/Animation/ControlRig/Content/Controls/ControlRig_Sphere_3mm.uasset" 585
"../../../Engine/Plugins/Animation/ControlRig/Content/Controls/ControlRig_Sphere_3mm.uexp" 586
"../../../Engine/Plugins/Animation/ControlRig/Content/Controls/ControlRig_Sphere_solid.ubulk" 587
"../../../Engine/Plugins/Animation/ControlRig/Content/Controls/ControlRig_Sphere_solid.uasset" 588
"../../../Engine/Plugins/Animation/ControlRig/Content/Controls/ControlRig_Sphere_solid.uexp" 589
"../../../Engine/Plugins/Animation/ControlRig/Content/Controls/ControlRig_Square_1mm.ubulk" 590
"../../../Engine/Plugins/Animation/ControlRig/Content/Controls/ControlRig_Square_1mm.uasset" 591
"../../../Engine/Plugins/Animation/ControlRig/Content/Controls/ControlRig_Square_1mm.uexp" 592
"../../../Engine/Plugins/Animation/ControlRig/Content/Controls/ControlRig_Square_3mm.ubulk" 593
"../../../Engine/Plugins/Animation/ControlRig/Content/Controls/ControlRig_Square_3mm.uasset" 594
"../../../Engine/Plugins/Animation/ControlRig/Content/Controls/ControlRig_Square_3mm.uexp" 595
"../../../Engine/Plugins/Animation/ControlRig/Content/Controls/ControlRig_Square_solid.ubulk" 596
"../../../Engine/Plugins/Animation/ControlRig/Content/Controls/ControlRig_Square_solid.uasset" 597
"../../../Engine/Plugins/Animation/ControlRig/Content/Controls/ControlRig_Square_solid.uexp" 598
"../../../Engine/Plugins/Animation/ControlRig/Content/Controls/ControlRig_Star4_1mm.ubulk" 599
"../../../Engine/Plugins/Animation/ControlRig/Content/Controls/ControlRig_Star4_1mm.uasset" 600
"../../../Engine/Plugins/Animation/ControlRig/Content/Controls/ControlRig_Star4_1mm.uexp" 601
"../../../Engine/Plugins/Animation/ControlRig/Content/Controls/ControlRig_Star4_3mm.ubulk" 602
"../../../Engine/Plugins/Animation/ControlRig/Content/Controls/ControlRig_Star4_3mm.uasset" 603
"../../../Engine/Plugins/Animation/ControlRig/Content/Controls/ControlRig_Star4_3mm.uexp" 604
"../../../Engine/Plugins/Animation/ControlRig/Content/Controls/ControlRig_Star4_solid.ubulk" 605
"../../../Engine/Plugins/Animation/ControlRig/Content/Controls/ControlRig_Star4_solid.uasset" 606
"../../../Engine/Plugins/Animation/ControlRig/Content/Controls/ControlRig_Star4_solid.uexp" 607
"../../../Engine/Plugins/Animation/ControlRig/Content/Controls/ControlRig_Triangle_1mm.ubulk" 608
"../../../Engine/Plugins/Animation/ControlRig/Content/Controls/ControlRig_Triangle_1mm.uasset" 609
"../../../Engine/Plugins/Animation/ControlRig/Content/Controls/ControlRig_Triangle_1mm.uexp" 610
"../../../Engine/Plugins/Animation/ControlRig/Content/Controls/ControlRig_Triangle_3mm.ubulk" 611
"../../../Engine/Plugins/Animation/ControlRig/Content/Controls/ControlRig_Triangle_3mm.uasset" 612
"../../../Engine/Plugins/Animation/ControlRig/Content/Controls/ControlRig_Triangle_3mm.uexp" 613
"../../../Engine/Plugins/Animation/ControlRig/Content/Controls/ControlRig_Triangle_solid.ubulk" 614
"../../../Engine/Plugins/Animation/ControlRig/Content/Controls/ControlRig_Triangle_solid.uasset" 615
"../../../Engine/Plugins/Animation/ControlRig/Content/Controls/ControlRig_Triangle_solid.uexp" 616
"../../../Engine/Plugins/Animation/ControlRig/Content/Controls/ControlRig_Wedge_1mm.ubulk" 617
"../../../Engine/Plugins/Animation/ControlRig/Content/Controls/ControlRig_Wedge_1mm.uasset" 618
"../../../Engine/Plugins/Animation/ControlRig/Content/Controls/ControlRig_Wedge_1mm.uexp" 619
"../../../Engine/Plugins/Animation/ControlRig/Content/Controls/ControlRig_Wedge_3mm.ubulk" 620
"../../../Engine/Plugins/Animation/ControlRig/Content/Controls/ControlRig_Wedge_3mm.uasset" 621
"../../../Engine/Plugins/Animation/ControlRig/Content/Controls/ControlRig_Wedge_3mm.uexp" 622
"../../../Engine/Plugins/Animation/ControlRig/Content/Controls/ControlRig_Wedge_solid.ubulk" 623
"../../../Engine/Plugins/Animation/ControlRig/Content/Controls/ControlRig_Wedge_solid.uasset" 624
"../../../Engine/Plugins/Animation/ControlRig/Content/Controls/ControlRig_Wedge_solid.uexp" 625
"../../../Engine/Plugins/Animation/DeformerGraph/Content/DeformerFunctions/DG_Function_LinearBlendSkin_Morph_Cloth.uasset" 626
"../../../Engine/Plugins/Animation/DeformerGraph/Content/DeformerFunctions/DG_Function_LinearBlendSkin_Morph_Cloth.uexp" 627
"../../../Engine/Plugins/Animation/DeformerGraph/Content/Deformers/DG_LinearBlendSkin_Morph_Cloth.uasset" 628
"../../../Engine/Plugins/Animation/DeformerGraph/Content/Deformers/DG_LinearBlendSkin_Morph_Cloth.uexp" 629
"../../../Engine/Plugins/Animation/DeformerGraph/Content/DeformerFunctions/DG_Function_ComputeNormalsTangents.uasset" 630
"../../../Engine/Plugins/Animation/DeformerGraph/Content/DeformerFunctions/DG_Function_ComputeNormalsTangents.uexp" 631
"../../../Engine/Plugins/Animation/DeformerGraph/Content/DeformerFunctions/DG_Function_LinearBlendSkin_Morph_Cloth_PositionOnly.uasset" 632
"../../../Engine/Plugins/Animation/DeformerGraph/Content/DeformerFunctions/DG_Function_LinearBlendSkin_Morph_Cloth_PositionOnly.uexp" 633
"../../../Engine/Plugins/Animation/DeformerGraph/Content/Deformers/DG_LinearBlendSkin_Morph_Cloth_RecomputeNormals.uasset" 634
"../../../Engine/Plugins/Animation/DeformerGraph/Content/Deformers/DG_LinearBlendSkin_Morph_Cloth_RecomputeNormals.uexp" 635
"../../../Engine/Content/Functions/Engine_MaterialFunctions02/Utility/VectorLength.uasset" 636
"../../../Engine/Content/Functions/Engine_MaterialFunctions02/Utility/VectorLength.uexp" 637
"../../../Engine/Content/Functions/Engine_MaterialFunctions02/WorldPositionOffset/ObjectScale.uasset" 638
"../../../Engine/Content/Functions/Engine_MaterialFunctions02/WorldPositionOffset/ObjectScale.uexp" 639
"../../../Engine/Plugins/Editor/SpeedTreeImporter/Content/SpeedTree9/Empty.uasset" 640
"../../../Engine/Plugins/Editor/SpeedTreeImporter/Content/SpeedTree9/Empty.uexp" 641
"../../../Engine/Plugins/Editor/SpeedTreeImporter/Content/SpeedTree9/EmptyNormal.uasset" 642
"../../../Engine/Plugins/Editor/SpeedTreeImporter/Content/SpeedTree9/EmptyNormal.uexp" 643
"../../../Engine/Plugins/Editor/SpeedTreeImporter/Content/SpeedTree9/game_wind_noise.ubulk" 644
"../../../Engine/Plugins/Editor/SpeedTreeImporter/Content/SpeedTree9/game_wind_noise.uasset" 645
"../../../Engine/Plugins/Editor/SpeedTreeImporter/Content/SpeedTree9/game_wind_noise.uexp" 646
"../../../Engine/Plugins/Editor/SpeedTreeImporter/Content/SpeedTree9/SpeedTreeBillboard.uasset" 647
"../../../Engine/Plugins/Editor/SpeedTreeImporter/Content/SpeedTree9/SpeedTreeBillboard.uexp" 648
"../../../Engine/Content/Functions/Engine_MaterialFunctions02/SafeNormalize.uasset" 649
"../../../Engine/Content/Functions/Engine_MaterialFunctions02/SafeNormalize.uexp" 650
"../../../Engine/Plugins/Editor/SpeedTreeImporter/Content/SpeedTree9/SpeedTreeWindMotion.uasset" 651
"../../../Engine/Plugins/Editor/SpeedTreeImporter/Content/SpeedTree9/SpeedTreeWindMotion.uexp" 652
"../../../Engine/Plugins/Editor/SpeedTreeImporter/Content/SpeedTree9/UnpackDirection.uasset" 653
"../../../Engine/Plugins/Editor/SpeedTreeImporter/Content/SpeedTree9/UnpackDirection.uexp" 654
"../../../Engine/Plugins/Editor/SpeedTreeImporter/Content/SpeedTree9/UnpackInteger3.uasset" 655
"../../../Engine/Plugins/Editor/SpeedTreeImporter/Content/SpeedTree9/UnpackInteger3.uexp" 656
"../../../Engine/Plugins/Editor/SpeedTreeImporter/Content/SpeedTree9/SpeedTreeBranchMotion.uasset" 657
"../../../Engine/Plugins/Editor/SpeedTreeImporter/Content/SpeedTree9/SpeedTreeBranchMotion.uexp" 658
"../../../Engine/Content/Functions/Engine_MaterialFunctions02/ObjectLocalBounds.uasset" 659
"../../../Engine/Content/Functions/Engine_MaterialFunctions02/ObjectLocalBounds.uexp" 660
"../../../Engine/Content/Functions/Engine_MaterialFunctions02/UVs/BoundingBoxBased_0-1_UVW.uasset" 661
"../../../Engine/Content/Functions/Engine_MaterialFunctions02/UVs/BoundingBoxBased_0-1_UVW.uexp" 662
"../../../Engine/Plugins/Editor/SpeedTreeImporter/Content/SpeedTree9/SpeedTreeWind.uasset" 663
"../../../Engine/Plugins/Editor/SpeedTreeImporter/Content/SpeedTree9/SpeedTreeWind.uexp" 664
"../../../Engine/Plugins/Editor/SpeedTreeImporter/Content/SpeedTree9/SpeedTreeBillboardMaster.uasset" 665
"../../../Engine/Plugins/Editor/SpeedTreeImporter/Content/SpeedTree9/SpeedTreeBillboardMaster.uexp" 666
"../../../Engine/Plugins/Editor/SpeedTreeImporter/Content/SpeedTree9/SpeedTreeCameraFacing.uasset" 667
"../../../Engine/Plugins/Editor/SpeedTreeImporter/Content/SpeedTree9/SpeedTreeCameraFacing.uexp" 668
"../../../Engine/Plugins/Editor/SpeedTreeImporter/Content/SpeedTree9/SpeedTreeMaster.uasset" 669
"../../../Engine/Plugins/Editor/SpeedTreeImporter/Content/SpeedTree9/SpeedTreeMaster.uexp" 670
"../../../Engine/Content/Functions/Engine_MaterialFunctions02/Utility/FOV.uasset" 671
"../../../Engine/Content/Functions/Engine_MaterialFunctions02/Utility/FOV.uexp" 672
"../../../Engine/Content/Functions/Engine_MaterialFunctions02/WorldPositionOffset/V2/ObjectScale.uasset" 673
"../../../Engine/Content/Functions/Engine_MaterialFunctions02/WorldPositionOffset/V2/ObjectScale.uexp" 674
"../../../Engine/Plugins/Experimental/MeshModelingToolsetExp/Content/Materials/PointSetOverlaidComponentMaterial.uasset" 675
"../../../Engine/Plugins/Experimental/MeshModelingToolsetExp/Content/Materials/PointSetOverlaidComponentMaterial.uexp" 676
"../../../Engine/Plugins/Interchange/Assets/Content/Functions/MF_IridescenceNoLUT.uasset" 677
"../../../Engine/Plugins/Interchange/Assets/Content/Functions/MF_IridescenceNoLUT.uexp" 678
"../../../Engine/Plugins/Interchange/Assets/Content/Functions/MX_StandardSurface.uasset" 679
"../../../Engine/Plugins/Interchange/Assets/Content/Functions/MX_StandardSurface.uexp" 680
"../../../Engine/Plugins/Interchange/Assets/Content/Functions/MX_OpenPBR_Opaque.uasset" 681
"../../../Engine/Plugins/Interchange/Assets/Content/Functions/MX_OpenPBR_Opaque.uexp" 682
"../../../Engine/Plugins/Interchange/Assets/Content/Functions/MX_TransmissionSurface.uasset" 683
"../../../Engine/Plugins/Interchange/Assets/Content/Functions/MX_TransmissionSurface.uexp" 684
"../../../Engine/Plugins/Interchange/Assets/Content/Functions/MX_OpenPBR_Translucent.uasset" 685
"../../../Engine/Plugins/Interchange/Assets/Content/Functions/MX_OpenPBR_Translucent.uexp" 686
"../../../Engine/Plugins/Interchange/Assets/Content/Functions/MX_OrenNayarBSDF.uasset" 687
"../../../Engine/Plugins/Interchange/Assets/Content/Functions/MX_OrenNayarBSDF.uexp" 688
"../../../Engine/Plugins/Interchange/Assets/Content/Functions/MX_SheenBSDF.uasset" 689
"../../../Engine/Plugins/Interchange/Assets/Content/Functions/MX_SheenBSDF.uexp" 690
"../../../Engine/Plugins/Interchange/Assets/Content/Functions/MX_AbsorptionVDF.uasset" 691
"../../../Engine/Plugins/Interchange/Assets/Content/Functions/MX_AbsorptionVDF.uexp" 692
"../../../Engine/Plugins/Interchange/Assets/Content/Functions/MX_SubsurfaceBSDF.uasset" 693
"../../../Engine/Plugins/Interchange/Assets/Content/Functions/MX_SubsurfaceBSDF.uexp" 694
"../../../Engine/Plugins/Interchange/Assets/Content/Functions/MX_Surface.uasset" 695
"../../../Engine/Plugins/Interchange/Assets/Content/Functions/MX_Surface.uexp" 696
"../../../Engine/Plugins/Interchange/Assets/Content/Functions/MX_SurfaceUnlit.uasset" 697
"../../../Engine/Plugins/Interchange/Assets/Content/Functions/MX_SurfaceUnlit.uexp" 698
"../../../Engine/Plugins/Interchange/Assets/Content/Functions/MX_AnisotropicVDF.uasset" 699
"../../../Engine/Plugins/Interchange/Assets/Content/Functions/MX_AnisotropicVDF.uexp" 700
"../../../Engine/Plugins/Interchange/Assets/Content/Functions/MX_TranslucentBSDF.uasset" 701
"../../../Engine/Plugins/Interchange/Assets/Content/Functions/MX_TranslucentBSDF.uexp" 702
"../../../Engine/Plugins/Interchange/Assets/Content/Functions/MX_BurleyDiffuseBSDF.uasset" 703
"../../../Engine/Plugins/Interchange/Assets/Content/Functions/MX_BurleyDiffuseBSDF.uexp" 704
"../../../Engine/Plugins/Interchange/Assets/Content/Functions/MX_UniformEDF.uasset" 705
"../../../Engine/Plugins/Interchange/Assets/Content/Functions/MX_UniformEDF.uexp" 706
"../../../Engine/Plugins/Interchange/Assets/Content/Functions/MX_ChiangHairBSDF.uasset" 707
"../../../Engine/Plugins/Interchange/Assets/Content/Functions/MX_ChiangHairBSDF.uexp" 708
"../../../Engine/Plugins/Interchange/Assets/Content/Functions/MX_UsdPreviewSurface.uasset" 709
"../../../Engine/Plugins/Interchange/Assets/Content/Functions/MX_UsdPreviewSurface.uexp" 710
"../../../Engine/Plugins/Interchange/Assets/Content/Substrate/MX_SimpleVolume.uasset" 711
"../../../Engine/Plugins/Interchange/Assets/Content/Substrate/MX_SimpleVolume.uexp" 712
"../../../Engine/Plugins/Interchange/Assets/Content/Functions/MX_ConductorBSDF.uasset" 713
"../../../Engine/Plugins/Interchange/Assets/Content/Functions/MX_ConductorBSDF.uexp" 714
"../../../Engine/Plugins/Interchange/Assets/Content/Functions/MX_ConicalEDF.uasset" 715
"../../../Engine/Plugins/Interchange/Assets/Content/Functions/MX_ConicalEDF.uexp" 716
"../../../Engine/Plugins/Interchange/Assets/Content/Functions/MX_DielectricBSDF.uasset" 717
"../../../Engine/Plugins/Interchange/Assets/Content/Functions/MX_DielectricBSDF.uexp" 718
"../../../Engine/Plugins/Runtime/HairStrands/Content/Materials/HairCardsDefaultMaterial.uasset" 719
"../../../Engine/Plugins/Runtime/HairStrands/Content/Materials/HairCardsDefaultMaterial.uexp" 720
"../../../Engine/Plugins/Interchange/Assets/Content/Functions/MX_Displacement.uasset" 721
"../../../Engine/Plugins/Interchange/Assets/Content/Functions/MX_Displacement.uexp" 722
"../../../Engine/Plugins/Interchange/Assets/Content/Functions/MX_GeneralizedSchlickBSDF.uasset" 723
"../../../Engine/Plugins/Interchange/Assets/Content/Functions/MX_GeneralizedSchlickBSDF.uexp" 724
"../../../Engine/Content/Functions/Engine_MaterialFunctions02/Utility/MakeFloat2.uasset" 725
"../../../Engine/Content/Functions/Engine_MaterialFunctions02/Utility/MakeFloat2.uexp" 726
"../../../Engine/Content/EngineMaterials/HairColorMap.uasset" 727
"../../../Engine/Content/EngineMaterials/HairColorMap.uexp" 728
"../../../Engine/Content/EngineMaterials/HairDebugColor.uasset" 729
"../../../Engine/Content/EngineMaterials/HairDebugColor.uexp" 730
"../../../Engine/Plugins/Runtime/HairStrands/Content/Materials/HairGroupColors.uasset" 731
"../../../Engine/Plugins/Runtime/HairStrands/Content/Materials/HairGroupColors.uexp" 732
"../../../Engine/Plugins/Runtime/HairStrands/Content/Materials/HairDebugMaterial.uasset" 733
"../../../Engine/Plugins/Runtime/HairStrands/Content/Materials/HairDebugMaterial.uexp" 734
"../../../Engine/Plugins/Runtime/HairStrands/Content/Materials/HairDefaultMaterial.uasset" 735
"../../../Engine/Plugins/Runtime/HairStrands/Content/Materials/HairDefaultMaterial.uexp" 736
"../../../Engine/Plugins/Runtime/HairStrands/Content/Materials/HairMeshesDefaultMaterial.uasset" 737
"../../../Engine/Plugins/Runtime/HairStrands/Content/Materials/HairMeshesDefaultMaterial.uexp" 738
"../../../Engine/Plugins/Interchange/Assets/Content/Functions/MX_MeasuredEDF.uasset" 739
"../../../Engine/Plugins/Interchange/Assets/Content/Functions/MX_MeasuredEDF.uexp" 740
"../../../Engine/Content/EditorMaterials/ParticleSystems/PSysThumbnail_NoImage.ubulk" 741
"../../../Engine/Content/EditorMaterials/ParticleSystems/PSysThumbnail_NoImage.uasset" 742
"../../../Engine/Content/EditorMaterials/ParticleSystems/PSysThumbnail_NoImage.uexp" 743
"../../../Engine/Content/EditorMaterials/ParticleSystems/PSysThumbnail_OOD.ubulk" 744
"../../../Engine/Content/EditorMaterials/ParticleSystems/PSysThumbnail_OOD.uasset" 745
"../../../Engine/Content/EditorMaterials/ParticleSystems/PSysThumbnail_OOD.uexp" 746
"../../../Engine/Content/EditorMaterials/Dataflow/DataflowTwoSidedVertexMaterial.uasset" 747
"../../../Engine/Content/EditorMaterials/Dataflow/DataflowTwoSidedVertexMaterial.uexp" 748
"../../../Engine/Content/Functions/Engine_MaterialFunctions02/Utility/BreakOutFloat4Components.uasset" 749
"../../../Engine/Content/Functions/Engine_MaterialFunctions02/Utility/BreakOutFloat4Components.uexp" 750
"../../../Engine/Content/Functions/Engine_MaterialFunctions02/Utility/MakeFloat4.uasset" 751
"../../../Engine/Content/Functions/Engine_MaterialFunctions02/Utility/MakeFloat4.uexp" 752
"../../../Engine/Content/EngineMaterials/DefaultWhiteGrid.ubulk" 753
"../../../Engine/Content/EngineMaterials/DefaultWhiteGrid.uasset" 754
"../../../Engine/Content/EngineMaterials/DefaultWhiteGrid.uexp" 755
"../../../Engine/Content/Functions/Engine_MaterialFunctions01/Gradient/LinearGradient.uasset" 756
"../../../Engine/Content/Functions/Engine_MaterialFunctions01/Gradient/LinearGradient.uexp" 757
"../../../Engine/Plugins/VirtualProduction/GeometryMask/Content/GeometryMask/MF_ApplyMaskFeather.uasset" 758
"../../../Engine/Plugins/VirtualProduction/GeometryMask/Content/GeometryMask/MF_ApplyMaskFeather.uexp" 759
"../../../Engine/Plugins/VirtualProduction/GeometryMask/Content/GeometryMask/MF_ApplyGeometryMask.uasset" 760
"../../../Engine/Plugins/VirtualProduction/GeometryMask/Content/GeometryMask/MF_ApplyGeometryMask.uexp" 761
"../../../Engine/Plugins/VirtualProduction/GeometryMask/Content/GeometryMask/MF_ApplyMask2D.uasset" 762
"../../../Engine/Plugins/VirtualProduction/GeometryMask/Content/GeometryMask/MF_ApplyMask2D.uexp" 763
"../../../Engine/Plugins/VirtualProduction/GeometryMask/Content/GeometryMask/MF_ApplyMask2D_Single.uasset" 764
"../../../Engine/Plugins/VirtualProduction/GeometryMask/Content/GeometryMask/MF_ApplyMask2D_Single.uexp" 765
"../../../Engine/Plugins/VirtualProduction/Text3D/Content/MaterialFunctions/MF_Text3DLinearGradient.uasset" 766
"../../../Engine/Plugins/VirtualProduction/Text3D/Content/MaterialFunctions/MF_Text3DLinearGradient.uexp" 767
"../../../Engine/Plugins/VirtualProduction/Text3D/Content/MaterialFunctions/MF_Text3DGradient.uasset" 768
"../../../Engine/Plugins/VirtualProduction/Text3D/Content/MaterialFunctions/MF_Text3DGradient.uexp" 769
"../../../Engine/Plugins/VirtualProduction/Text3D/Content/MaterialFunctions/MF_Text3DMask.uasset" 770
"../../../Engine/Plugins/VirtualProduction/Text3D/Content/MaterialFunctions/MF_Text3DMask.uexp" 771
"../../../Engine/Plugins/VirtualProduction/Text3D/Content/MaterialFunctions/MF_Text3DTexture.uasset" 772
"../../../Engine/Plugins/VirtualProduction/Text3D/Content/MaterialFunctions/MF_Text3DTexture.uexp" 773
"../../../Engine/Plugins/VirtualProduction/Text3D/Content/Materials/M_Text3DOpaqueUnlit.uasset" 774
"../../../Engine/Plugins/VirtualProduction/Text3D/Content/Materials/M_Text3DOpaqueUnlit.uexp" 775
"../../../Engine/Plugins/Runtime/AudioWidgets/Content/Resources/ScrubHandleDown_Clamped.uasset" 776
"../../../Engine/Plugins/Runtime/AudioWidgets/Content/Resources/ScrubHandleDown_Clamped.uexp" 777
"../../../Engine/Content/EditorMaterials/Dataflow/DataflowVertexMaterial.uasset" 778
"../../../Engine/Content/EditorMaterials/Dataflow/DataflowVertexMaterial.uexp" 779
"../../../Engine/Content/EditorMaterials/Camera/CineMat.uasset" 780
"../../../Engine/Content/EditorMaterials/Camera/CineMat.uexp" 781
"../../../Engine/Content/EditorMaterials/Camera/MI_CineMat_Rig.uasset" 782
"../../../Engine/Content/EditorMaterials/Camera/MI_CineMat_Rig.uexp" 783
"../../../Engine/Content/EditorMeshes/Camera/SM_CraneRig_Arm.ubulk" 784
"../../../Engine/Content/EditorMeshes/Camera/SM_CraneRig_Arm.uasset" 785
"../../../Engine/Content/EditorMeshes/Camera/SM_CraneRig_Arm.uexp" 786
"../../../Engine/Content/EditorMeshes/Camera/SM_CraneRig_Base.ubulk" 787
"../../../Engine/Content/EditorMeshes/Camera/SM_CraneRig_Base.uasset" 788
"../../../Engine/Content/EditorMeshes/Camera/SM_CraneRig_Base.uexp" 789
"../../../Engine/Content/EditorMeshes/Camera/SM_CraneRig_Body.ubulk" 790
"../../../Engine/Content/EditorMeshes/Camera/SM_CraneRig_Body.uasset" 791
"../../../Engine/Content/EditorMeshes/Camera/SM_CraneRig_Body.uexp" 792
"../../../Engine/Content/EditorMeshes/Camera/SM_CraneRig_Mount.ubulk" 793
"../../../Engine/Content/EditorMeshes/Camera/SM_CraneRig_Mount.uasset" 794
"../../../Engine/Content/EditorMeshes/Camera/SM_CraneRig_Mount.uexp" 795
"../../../Engine/Content/EditorMeshes/Camera/SM_RailRig_Mount.ubulk" 796
"../../../Engine/Content/EditorMeshes/Camera/SM_RailRig_Mount.uasset" 797
"../../../Engine/Content/EditorMeshes/Camera/SM_RailRig_Mount.uexp" 798
"../../../Engine/Content/EngineMaterials/EnergyConservation/Diffuse_Energy.uasset" 799
"../../../Engine/Content/EngineMaterials/EnergyConservation/Diffuse_Energy.uexp" 800
"../../../Engine/Content/EditorMeshes/Camera/SM_RailRig_Track.ubulk" 801
"../../../Engine/Content/EditorMeshes/Camera/SM_RailRig_Track.uasset" 802
"../../../Engine/Content/EditorMeshes/Camera/SM_RailRig_Track.uexp" 803
"../../../Engine/Content/EngineMaterials/EnergyConservation/GGX_ReflectionEnergy.uasset" 804
"../../../Engine/Content/EngineMaterials/EnergyConservation/GGX_ReflectionEnergy.uexp" 805
"../../../Engine/Content/EditorResources/SequenceRecorder/Countdown.uasset" 806
"../../../Engine/Content/EditorResources/SequenceRecorder/Countdown.uexp" 807
"../../../Engine/Content/EngineMaterials/EnergyConservation/GGX_TransmissionEnergyArray.uasset" 808
"../../../Engine/Content/EngineMaterials/EnergyConservation/GGX_TransmissionEnergyArray.uexp" 809
"../../../Engine/Content/EditorResources/SequenceRecorder/RecordingIndicator.uasset" 810
"../../../Engine/Content/EditorResources/SequenceRecorder/RecordingIndicator.uexp" 811
"../../../Engine/Content/EngineMaterials/EnergyConservation/SheenLegacy_Energy.uasset" 812
"../../../Engine/Content/EngineMaterials/EnergyConservation/SheenLegacy_Energy.uexp" 813
"../../../Engine/Content/EngineMaterials/EnergyConservation/Sheen_Energy.uasset" 814
"../../../Engine/Content/EngineMaterials/EnergyConservation/Sheen_Energy.uexp" 815
"../../../Engine/Content/EngineMaterials/LTC/GGX_LTCAmp.uasset" 816
"../../../Engine/Content/EngineMaterials/LTC/GGX_LTCAmp.uexp" 817
"../../../Engine/Content/EngineMaterials/LTC/GGX_LTCMat.uasset" 818
"../../../Engine/Content/EngineMaterials/LTC/GGX_LTCMat.uexp" 819
"../../../Engine/Content/EngineMaterials/LTC/Sheen_LTC.uasset" 820
"../../../Engine/Content/EngineMaterials/LTC/Sheen_LTC.uexp" 821
"../../../Engine/Content/EngineResources/Development/ZenLogo_64.uasset" 822
"../../../Engine/Content/EngineResources/Development/ZenLogo_64.uexp" 823
"../../../Engine/Content/EngineResources/FilmGrains/Marcie_Grain_v3_128_M2_000.uasset" 824
"../../../Engine/Content/EngineResources/FilmGrains/Marcie_Grain_v3_128_M2_000.uexp" 825
"../../../Engine/Content/VREditor/TransformGizmo/BoundingBoxCorner.ubulk" 826
"../../../Engine/Content/VREditor/TransformGizmo/BoundingBoxCorner.uasset" 827
"../../../Engine/Content/VREditor/TransformGizmo/BoundingBoxCorner.uexp" 828
"../../../Engine/Content/VREditor/TransformGizmo/BoundingBoxEdge.ubulk" 829
"../../../Engine/Content/VREditor/TransformGizmo/BoundingBoxEdge.uasset" 830
"../../../Engine/Content/VREditor/TransformGizmo/BoundingBoxEdge.uexp" 831
"../../../Engine/Content/EngineMaterials/BlendFunc_DefBase.uasset" 832
"../../../Engine/Content/EngineMaterials/BlendFunc_DefBase.uexp" 833
"../../../Engine/Content/EngineMaterials/BlendFunc_DefBlend.uasset" 834
"../../../Engine/Content/EngineMaterials/BlendFunc_DefBlend.uexp" 835
"../../../Engine/Content/Functions/Engine_MaterialFunctions03/Blends/Blend_Overlay.uasset" 836
"../../../Engine/Content/Functions/Engine_MaterialFunctions03/Blends/Blend_Overlay.uexp" 837
"../../../Engine/Content/Functions/Engine_MaterialFunctions01/ImageAdjustment/CheapContrast.uasset" 838
"../../../Engine/Content/Functions/Engine_MaterialFunctions01/ImageAdjustment/CheapContrast.uexp" 839
"../../../Engine/Content/OpenWorldTemplate/LandscapeMaterial/T_GridChecker_A.ubulk" 840
"../../../Engine/Content/OpenWorldTemplate/LandscapeMaterial/T_GridChecker_A.uasset" 841
"../../../Engine/Content/OpenWorldTemplate/LandscapeMaterial/T_GridChecker_A.uexp" 842
"../../../Engine/Content/OpenWorldTemplate/LandscapeMaterial/MF_ProcGrid.uasset" 843
"../../../Engine/Content/OpenWorldTemplate/LandscapeMaterial/MF_ProcGrid.uexp" 844
"../../../Engine/Content/OpenWorldTemplate/LandscapeMaterial/M_ProcGrid.uasset" 845
"../../../Engine/Content/OpenWorldTemplate/LandscapeMaterial/M_ProcGrid.uexp" 846
"../../../Engine/Plugins/Interchange/Assets/Content/gltf/Textures/T_White_srgb.uasset" 847
"../../../Engine/Plugins/Interchange/Assets/Content/gltf/Textures/T_White_srgb.uexp" 848
"../../../Engine/Plugins/Interchange/Assets/Content/gltf/MaterialFunctions/MF_Emissive.uasset" 849
"../../../Engine/Plugins/Interchange/Assets/Content/gltf/MaterialFunctions/MF_Emissive.uexp" 850
"../../../Engine/Plugins/Interchange/Assets/Content/gltf/MaterialFunctions/MF_RotateNormals_TS.uasset" 851
"../../../Engine/Plugins/Interchange/Assets/Content/gltf/MaterialFunctions/MF_RotateNormals_TS.uexp" 852
"../../../Engine/Plugins/Interchange/Assets/Content/gltf/MaterialFunctions/MF_ScaleNormal.uasset" 853
"../../../Engine/Plugins/Interchange/Assets/Content/gltf/MaterialFunctions/MF_ScaleNormal.uexp" 854
"../../../Engine/Plugins/Interchange/Assets/Content/gltf/Textures/T_Generic_N.uasset" 855
"../../../Engine/Plugins/Interchange/Assets/Content/gltf/Textures/T_Generic_N.uexp" 856
"../../../Engine/Plugins/Interchange/Assets/Content/gltf/MaterialFunctions/MF_Normals.uasset" 857
"../../../Engine/Plugins/Interchange/Assets/Content/gltf/MaterialFunctions/MF_Normals.uexp" 858
"../../../Engine/Plugins/Interchange/Assets/Content/gltf/Textures/T_White_Linear.uasset" 859
"../../../Engine/Plugins/Interchange/Assets/Content/gltf/Textures/T_White_Linear.uexp" 860
"../../../Engine/Plugins/Interchange/Assets/Content/gltf/MaterialFunctions/MF_Occlusion.uasset" 861
"../../../Engine/Plugins/Interchange/Assets/Content/gltf/MaterialFunctions/MF_Occlusion.uexp" 862
"../../../Engine/Plugins/Interchange/Assets/Content/gltf/MaterialFunctions/MF_RotateV2.uasset" 863
"../../../Engine/Plugins/Interchange/Assets/Content/gltf/MaterialFunctions/MF_RotateV2.uexp" 864
"../../../Engine/Plugins/Interchange/Assets/Content/gltf/MaterialFunctions/MF_TransformUVs.uasset" 865
"../../../Engine/Plugins/Interchange/Assets/Content/gltf/MaterialFunctions/MF_TransformUVs.uexp" 866
"../../../Engine/Plugins/Interchange/Assets/Content/gltf/MaterialFunctions/MF_DiffuseSpecGloss.uasset" 867
"../../../Engine/Plugins/Interchange/Assets/Content/gltf/MaterialFunctions/MF_DiffuseSpecGloss.uexp" 868
"../../../Engine/Plugins/Interchange/Assets/Content/gltf/MaterialFunctions/MF_MaxComponentValue.uasset" 869
"../../../Engine/Plugins/Interchange/Assets/Content/gltf/MaterialFunctions/MF_MaxComponentValue.uexp" 870
"../../../Engine/Content/Functions/Engine_MaterialFunctions02/Math/AddComponents.uasset" 871
"../../../Engine/Content/Functions/Engine_MaterialFunctions02/Math/AddComponents.uexp" 872
"../../../Engine/Plugins/Interchange/Assets/Content/gltf/MaterialFunctions/MF_PerceivedBrightness.uasset" 873
"../../../Engine/Plugins/Interchange/Assets/Content/gltf/MaterialFunctions/MF_PerceivedBrightness.uexp" 874
"../../../Engine/Plugins/Interchange/Assets/Content/gltf/MaterialFunctions/MF_SpecGlossToMetalRoughness.uasset" 875
"../../../Engine/Plugins/Interchange/Assets/Content/gltf/MaterialFunctions/MF_SpecGlossToMetalRoughness.uexp" 876
"../../../Engine/Plugins/Interchange/Assets/Content/gltf/MaterialBodies/MF_SpecularGlossiness_Body.uasset" 877
"../../../Engine/Plugins/Interchange/Assets/Content/gltf/MaterialBodies/MF_SpecularGlossiness_Body.uexp" 878
"../../../Engine/Plugins/Interchange/Assets/Content/gltf/M_SpecularGlossiness.uasset" 879
"../../../Engine/Plugins/Interchange/Assets/Content/gltf/M_SpecularGlossiness.uexp" 880
"../../../Engine/Plugins/Interchange/Assets/Content/gltf/MaterialInstances/MI_SpecularGlossiness_Mask_DS.uasset" 881
"../../../Engine/Plugins/Interchange/Assets/Content/gltf/MaterialInstances/MI_SpecularGlossiness_Mask_DS.uexp" 882
"../../../Engine/Plugins/Interchange/Assets/Content/gltf/MaterialInstances/MI_SpecularGlossiness_Opaque.uasset" 883
"../../../Engine/Plugins/Interchange/Assets/Content/gltf/MaterialInstances/MI_SpecularGlossiness_Opaque.uexp" 884
"../../../Engine/Plugins/Interchange/Assets/Content/gltf/MaterialInstances/MI_SpecularGlossiness_Opaque_DS.uasset" 885
"../../../Engine/Plugins/Interchange/Assets/Content/gltf/MaterialInstances/MI_SpecularGlossiness_Opaque_DS.uexp" 886
"../../../Engine/Content/EngineMaterials/Good64x64TilingNoiseHighFreq.uasset" 887
"../../../Engine/Content/EngineMaterials/Good64x64TilingNoiseHighFreq.uexp" 888
"../../../Engine/Content/Functions/Engine_MaterialFunctions02/Texturing/ScreenAlignedPixelToPixelUVs.uasset" 889
"../../../Engine/Content/Functions/Engine_MaterialFunctions02/Texturing/ScreenAlignedPixelToPixelUVs.uexp" 890
"../../../Engine/Plugins/Interchange/Assets/Content/Utilities/New_LUT.uasset" 891
"../../../Engine/Plugins/Interchange/Assets/Content/Utilities/New_LUT.uexp" 892
"../../../Engine/Content/Functions/Engine_MaterialFunctions03/Math/RemapValueRange.uasset" 893
"../../../Engine/Content/Functions/Engine_MaterialFunctions03/Math/RemapValueRange.uexp" 894
"../../../Engine/Plugins/Interchange/Assets/Content/Functions/MF_Iridescence.uasset" 895
"../../../Engine/Plugins/Interchange/Assets/Content/Functions/MF_Iridescence.uexp" 896
"../../../Engine/Plugins/Interchange/Assets/Content/gltf/MaterialFunctions/MF_Fresnel_DS.uasset" 897
"../../../Engine/Plugins/Interchange/Assets/Content/gltf/MaterialFunctions/MF_Fresnel_DS.uexp" 898
"../../../Engine/Plugins/Interchange/Assets/Content/gltf/MaterialFunctions/MF_Temporal_Blur.uasset" 899
"../../../Engine/Plugins/Interchange/Assets/Content/gltf/MaterialFunctions/MF_Temporal_Blur.uexp" 900
"../../../Engine/Plugins/Interchange/Assets/Content/gltf/MaterialFunctions/MF_BaseColor.uasset" 901
"../../../Engine/Plugins/Interchange/Assets/Content/gltf/MaterialFunctions/MF_BaseColor.uexp" 902
"../../../Engine/Plugins/Interchange/Assets/Content/gltf/MaterialFunctions/MF_IOR.uasset" 903
"../../../Engine/Plugins/Interchange/Assets/Content/gltf/MaterialFunctions/MF_IOR.uexp" 904
"../../../Engine/Plugins/Interchange/Assets/Content/gltf/MaterialFunctions/MF_Iridescence.uasset" 905
"../../../Engine/Plugins/Interchange/Assets/Content/gltf/MaterialFunctions/MF_Iridescence.uexp" 906
"../../../Engine/Plugins/Interchange/Assets/Content/gltf/MaterialFunctions/MF_MetallicRoughness.uasset" 907
"../../../Engine/Plugins/Interchange/Assets/Content/gltf/MaterialFunctions/MF_MetallicRoughness.uexp" 908
"../../../Engine/Plugins/Interchange/Assets/Content/gltf/MaterialFunctions/MF_Specular.uasset" 909
"../../../Engine/Plugins/Interchange/Assets/Content/gltf/MaterialFunctions/MF_Specular.uexp" 910
"../../../Engine/Plugins/Interchange/Assets/Content/gltf/Textures/T_Anisotropy_Direction_Linear.uasset" 911
"../../../Engine/Plugins/Interchange/Assets/Content/gltf/Textures/T_Anisotropy_Direction_Linear.uexp" 912
"../../../Engine/Plugins/Interchange/Assets/Content/gltf/MaterialFunctions/MF_SpecularAnisotropy.uasset" 913
"../../../Engine/Plugins/Interchange/Assets/Content/gltf/MaterialFunctions/MF_SpecularAnisotropy.uexp" 914
"../../../Engine/Plugins/Interchange/Assets/Content/gltf/MaterialFunctions/MF_Transmission.uasset" 915
"../../../Engine/Plugins/Interchange/Assets/Content/gltf/MaterialFunctions/MF_Transmission.uexp" 916
"../../../Engine/Plugins/Interchange/Assets/Content/gltf/MaterialBodies/MF_Transmission_Body.uasset" 917
"../../../Engine/Plugins/Interchange/Assets/Content/gltf/MaterialBodies/MF_Transmission_Body.uexp" 918
"../../../Engine/Plugins/Interchange/Assets/Content/gltf/M_Transmission.uasset" 919
"../../../Engine/Plugins/Interchange/Assets/Content/gltf/M_Transmission.uexp" 920
"../../../Engine/Plugins/Interchange/Assets/Content/gltf/MaterialInstances/MI_Transmission.uasset" 921
"../../../Engine/Plugins/Interchange/Assets/Content/gltf/MaterialInstances/MI_Transmission.uexp" 922
"../../../Engine/Plugins/Interchange/Assets/Content/gltf/MaterialInstances/MI_Transmission_DS.uasset" 923
"../../../Engine/Plugins/Interchange/Assets/Content/gltf/MaterialInstances/MI_Transmission_DS.uexp" 924
"../../../Engine/Plugins/Interchange/Assets/Content/gltf/MaterialBodies/MF_Unlit_Body.uasset" 925
"../../../Engine/Plugins/Interchange/Assets/Content/gltf/MaterialBodies/MF_Unlit_Body.uexp" 926
"../../../Engine/Plugins/Interchange/Assets/Content/gltf/M_Unlit.uasset" 927
"../../../Engine/Plugins/Interchange/Assets/Content/gltf/M_Unlit.uexp" 928
"../../../Engine/Plugins/Interchange/Assets/Content/gltf/MaterialInstances/MI_Unlit_Blend.uasset" 929
"../../../Engine/Plugins/Interchange/Assets/Content/gltf/MaterialInstances/MI_Unlit_Blend.uexp" 930
"../../../Engine/Plugins/Interchange/Assets/Content/gltf/MaterialInstances/MI_Unlit_Blend_DS.uasset" 931
"../../../Engine/Plugins/Interchange/Assets/Content/gltf/MaterialInstances/MI_Unlit_Blend_DS.uexp" 932
"../../../Engine/Plugins/Interchange/Assets/Content/gltf/MaterialInstances/MI_Unlit_Mask.uasset" 933
"../../../Engine/Plugins/Interchange/Assets/Content/gltf/MaterialInstances/MI_Unlit_Mask.uexp" 934
"../../../Engine/Plugins/Interchange/Assets/Content/gltf/MaterialInstances/MI_Unlit_Mask_DS.uasset" 935
"../../../Engine/Plugins/Interchange/Assets/Content/gltf/MaterialInstances/MI_Unlit_Mask_DS.uexp" 936
"../../../Engine/Plugins/Interchange/Assets/Content/gltf/MaterialInstances/MI_Unlit_Opaque.uasset" 937
"../../../Engine/Plugins/Interchange/Assets/Content/gltf/MaterialInstances/MI_Unlit_Opaque.uexp" 938
"../../../Engine/Plugins/Interchange/Assets/Content/gltf/MaterialInstances/MI_Unlit_Opaque_DS.uasset" 939
"../../../Engine/Plugins/Interchange/Assets/Content/gltf/MaterialInstances/MI_Unlit_Opaque_DS.uexp" 940
"../../../Engine/Content/EngineMaterials/Substrate/GLints/AGlintTex2dArray.uasset" 941
"../../../Engine/Content/EngineMaterials/Substrate/GLints/AGlintTex2dArray.uexp" 942
"../../../Engine/Content/Functions/Engine_MaterialFunctions01/Texturing/FlattenNormal.uasset" 943
"../../../Engine/Content/Functions/Engine_MaterialFunctions01/Texturing/FlattenNormal.uexp" 944
"../../../Engine/Plugins/Interchange/Assets/Content/gltf/MaterialFunctions/MF_Clearcoat.uasset" 945
"../../../Engine/Plugins/Interchange/Assets/Content/gltf/MaterialFunctions/MF_Clearcoat.uexp" 946
"../../../Engine/Plugins/Interchange/Assets/Content/gltf/MaterialBodies/MF_ClearCoat_Body.uasset" 947
"../../../Engine/Plugins/Interchange/Assets/Content/gltf/MaterialBodies/MF_ClearCoat_Body.uexp" 948
"../../../Engine/Plugins/Interchange/Assets/Content/gltf/M_ClearCoat.uasset" 949
"../../../Engine/Plugins/Interchange/Assets/Content/gltf/M_ClearCoat.uexp" 950
"../../../Engine/Plugins/Interchange/Assets/Content/gltf/MaterialInstances/MI_ClearCoat_Blend.uasset" 951
"../../../Engine/Plugins/Interchange/Assets/Content/gltf/MaterialInstances/MI_ClearCoat_Blend.uexp" 952
"../../../Engine/Plugins/Interchange/Assets/Content/gltf/MaterialInstances/MI_ClearCoat_Blend_DS.uasset" 953
"../../../Engine/Plugins/Interchange/Assets/Content/gltf/MaterialInstances/MI_ClearCoat_Blend_DS.uexp" 954
"../../../Engine/Plugins/Interchange/Assets/Content/gltf/MaterialInstances/MI_ClearCoat_Mask.uasset" 955
"../../../Engine/Plugins/Interchange/Assets/Content/gltf/MaterialInstances/MI_ClearCoat_Mask.uexp" 956
"../../../Engine/Plugins/Interchange/Assets/Content/gltf/MaterialInstances/MI_ClearCoat_Mask_DS.uasset" 957
"../../../Engine/Plugins/Interchange/Assets/Content/gltf/MaterialInstances/MI_ClearCoat_Mask_DS.uexp" 958
"../../../Engine/Plugins/Interchange/Assets/Content/gltf/MaterialInstances/MI_ClearCoat_Opaque.uasset" 959
"../../../Engine/Plugins/Interchange/Assets/Content/gltf/MaterialInstances/MI_ClearCoat_Opaque.uexp" 960
"../../../Engine/Plugins/Interchange/Assets/Content/gltf/MaterialInstances/MI_ClearCoat_Opaque_DS.uasset" 961
"../../../Engine/Plugins/Interchange/Assets/Content/gltf/MaterialInstances/MI_ClearCoat_Opaque_DS.uexp" 962
"../../../Engine/Plugins/Interchange/Assets/Content/gltf/MaterialBodies/MF_Default_Body.uasset" 963
"../../../Engine/Plugins/Interchange/Assets/Content/gltf/MaterialBodies/MF_Default_Body.uexp" 964
"../../../Engine/Plugins/Interchange/Assets/Content/gltf/M_Default.uasset" 965
"../../../Engine/Plugins/Interchange/Assets/Content/gltf/M_Default.uexp" 966
"../../../Engine/Plugins/Interchange/Assets/Content/gltf/MaterialInstances/MI_Default_Blend.uasset" 967
"../../../Engine/Plugins/Interchange/Assets/Content/gltf/MaterialInstances/MI_Default_Blend.uexp" 968
"../../../Engine/Plugins/Interchange/Assets/Content/gltf/MaterialInstances/MI_Default_Blend_DS.uasset" 969
"../../../Engine/Plugins/Interchange/Assets/Content/gltf/MaterialInstances/MI_Default_Blend_DS.uexp" 970
"../../../Engine/Plugins/Interchange/Assets/Content/gltf/MaterialInstances/MI_Default_Mask.uasset" 971
"../../../Engine/Plugins/Interchange/Assets/Content/gltf/MaterialInstances/MI_Default_Mask.uexp" 972
"../../../Engine/Plugins/Interchange/Assets/Content/gltf/MaterialInstances/MI_Default_Mask_DS.uasset" 973
"../../../Engine/Plugins/Interchange/Assets/Content/gltf/MaterialInstances/MI_Default_Mask_DS.uexp" 974
"../../../Engine/Plugins/Interchange/Assets/Content/gltf/MaterialInstances/MI_Default_Opaque.uasset" 975
"../../../Engine/Plugins/Interchange/Assets/Content/gltf/MaterialInstances/MI_Default_Opaque.uexp" 976
"../../../Engine/Plugins/Interchange/Assets/Content/gltf/MaterialInstances/MI_Default_Opaque_DS.uasset" 977
"../../../Engine/Plugins/Interchange/Assets/Content/gltf/MaterialInstances/MI_Default_Opaque_DS.uexp" 978
"../../../Engine/Plugins/Interchange/Assets/Content/gltf/MaterialFunctions/MF_Sheen.uasset" 979
"../../../Engine/Plugins/Interchange/Assets/Content/gltf/MaterialFunctions/MF_Sheen.uexp" 980
"../../../Engine/Plugins/Interchange/Assets/Content/gltf/MaterialBodies/MF_Sheen_Body.uasset" 981
"../../../Engine/Plugins/Interchange/Assets/Content/gltf/MaterialBodies/MF_Sheen_Body.uexp" 982
"../../../Engine/Plugins/Interchange/Assets/Content/gltf/M_Sheen.uasset" 983
"../../../Engine/Plugins/Interchange/Assets/Content/gltf/M_Sheen.uexp" 984
"../../../Engine/Plugins/Interchange/Assets/Content/gltf/MaterialInstances/MI_Sheen_Blend.uasset" 985
"../../../Engine/Plugins/Interchange/Assets/Content/gltf/MaterialInstances/MI_Sheen_Blend.uexp" 986
"../../../Engine/Plugins/Interchange/Assets/Content/gltf/MaterialInstances/MI_Sheen_Blend_DS.uasset" 987
"../../../Engine/Plugins/Interchange/Assets/Content/gltf/MaterialInstances/MI_Sheen_Blend_DS.uexp" 988
"../../../Engine/Plugins/Interchange/Assets/Content/gltf/MaterialInstances/MI_Sheen_Mask.uasset" 989
"../../../Engine/Plugins/Interchange/Assets/Content/gltf/MaterialInstances/MI_Sheen_Mask.uexp" 990
"../../../Engine/Plugins/Interchange/Assets/Content/gltf/MaterialInstances/MI_Sheen_Mask_DS.uasset" 991
"../../../Engine/Plugins/Interchange/Assets/Content/gltf/MaterialInstances/MI_Sheen_Mask_DS.uexp" 992
"../../../Engine/Plugins/Interchange/Assets/Content/gltf/MaterialInstances/MI_Sheen_Opaque.uasset" 993
"../../../Engine/Plugins/Interchange/Assets/Content/gltf/MaterialInstances/MI_Sheen_Opaque.uexp" 994
"../../../Engine/Plugins/Interchange/Assets/Content/gltf/MaterialInstances/MI_Sheen_Opaque_DS.uasset" 995
"../../../Engine/Plugins/Interchange/Assets/Content/gltf/MaterialInstances/MI_Sheen_Opaque_DS.uexp" 996
"../../../Engine/Plugins/Interchange/Assets/Content/gltf/MaterialInstances/MI_SpecularGlossiness_Blend.uasset" 997
"../../../Engine/Plugins/Interchange/Assets/Content/gltf/MaterialInstances/MI_SpecularGlossiness_Blend.uexp" 998
"../../../Engine/Plugins/Interchange/Assets/Content/gltf/MaterialInstances/MI_SpecularGlossiness_Blend_DS.uasset" 999
"../../../Engine/Plugins/Interchange/Assets/Content/gltf/MaterialInstances/MI_SpecularGlossiness_Blend_DS.uexp" 1000
"../../../Engine/Plugins/Interchange/Assets/Content/gltf/MaterialInstances/MI_SpecularGlossiness_Mask.uasset" 1001
"../../../Engine/Plugins/Interchange/Assets/Content/gltf/MaterialInstances/MI_SpecularGlossiness_Mask.uexp" 1002
"../../../Engine/Content/ArtTools/RenderToTexture/Meshes/S_1_Unit_Plane.ubulk" 1003
"../../../Engine/Content/ArtTools/RenderToTexture/Meshes/S_1_Unit_Plane.uasset" 1004
"../../../Engine/Content/ArtTools/RenderToTexture/Meshes/S_1_Unit_Plane.uexp" 1005
"../../../Engine/Content/EngineMaterials/Substrate/Glints2/AGlintTex2dArray2.uasset" 1006
"../../../Engine/Content/EngineMaterials/Substrate/Glints2/AGlintTex2dArray2.uexp" 1007
"../../../Engine/Content/Functions/Engine_MaterialFunctions01/Shading/PowerToRoughness.uasset" 1008
"../../../Engine/Content/Functions/Engine_MaterialFunctions01/Shading/PowerToRoughness.uexp" 1009
"../../../Engine/Content/EngineMaterials/Substrate/Volume/SubstrateSimpleVolumeEnvLUT3D.uasset" 1010
"../../../Engine/Content/EngineMaterials/Substrate/Volume/SubstrateSimpleVolumeEnvLUT3D.uexp" 1011
"../../../Engine/Content/EngineMaterials/Substrate/Volume/SubstrateSimpleVolumeLUT3D.uasset" 1012
"../../../Engine/Content/EngineMaterials/Substrate/Volume/SubstrateSimpleVolumeLUT3D.uexp" 1013
"../../../Engine/Content/Functions/Engine_MaterialFunctions01/Shading/ConvertFromDiffSpec.uasset" 1014
"../../../Engine/Content/Functions/Engine_MaterialFunctions01/Shading/ConvertFromDiffSpec.uexp" 1015
"C:/Mi498/MI498_UEProject/Content/WwiseAudio/Virtual_Acoustics/Factory_Acoustic_Textures/Textures/Acoustic_Banner.uasset" 1016
"C:/Mi498/MI498_UEProject/Content/WwiseAudio/Virtual_Acoustics/Factory_Acoustic_Textures/Textures/Acoustic_Banner.uexp" 1017
"C:/Mi498/MI498_UEProject/Content/WwiseAudio/Virtual_Acoustics/Factory_Acoustic_Textures/Textures/Anechoic.uasset" 1018
"C:/Mi498/MI498_UEProject/Content/WwiseAudio/Virtual_Acoustics/Factory_Acoustic_Textures/Textures/Anechoic.uexp" 1019
"C:/Mi498/MI498_UEProject/Content/WwiseAudio/Virtual_Acoustics/Factory_Acoustic_Textures/Textures/Brick.uasset" 1020
"C:/Mi498/MI498_UEProject/Content/WwiseAudio/Virtual_Acoustics/Factory_Acoustic_Textures/Textures/Brick.uexp" 1021
"C:/Mi498/MI498_UEProject/Content/WwiseAudio/Virtual_Acoustics/Factory_Acoustic_Textures/Textures/Carpet.uasset" 1022
"C:/Mi498/MI498_UEProject/Content/WwiseAudio/Virtual_Acoustics/Factory_Acoustic_Textures/Textures/Carpet.uexp" 1023
"C:/Mi498/MI498_UEProject/Content/WwiseAudio/Virtual_Acoustics/Factory_Acoustic_Textures/Textures/Concrete.uasset" 1024
"C:/Mi498/MI498_UEProject/Content/WwiseAudio/Virtual_Acoustics/Factory_Acoustic_Textures/Textures/Concrete.uexp" 1025
"C:/Mi498/MI498_UEProject/Content/WwiseAudio/Virtual_Acoustics/Factory_Acoustic_Textures/Textures/Cork_Tiles.uasset" 1026
"C:/Mi498/MI498_UEProject/Content/WwiseAudio/Virtual_Acoustics/Factory_Acoustic_Textures/Textures/Cork_Tiles.uexp" 1027
"C:/Mi498/MI498_UEProject/Content/WwiseAudio/Virtual_Acoustics/Factory_Acoustic_Textures/Textures/Curtains.uasset" 1028
"C:/Mi498/MI498_UEProject/Content/WwiseAudio/Virtual_Acoustics/Factory_Acoustic_Textures/Textures/Curtains.uexp" 1029
"C:/Mi498/MI498_UEProject/Content/WwiseAudio/Virtual_Acoustics/Factory_Acoustic_Textures/Textures/Drywall.uasset" 1030
"C:/Mi498/MI498_UEProject/Content/WwiseAudio/Virtual_Acoustics/Factory_Acoustic_Textures/Textures/Drywall.uexp" 1031
"C:/Mi498/MI498_UEProject/Content/WwiseAudio/Virtual_Acoustics/Factory_Acoustic_Textures/Textures/Fabric.uasset" 1032
"C:/Mi498/MI498_UEProject/Content/WwiseAudio/Virtual_Acoustics/Factory_Acoustic_Textures/Textures/Fabric.uexp" 1033
"C:/Mi498/MI498_UEProject/Content/WwiseAudio/Virtual_Acoustics/Factory_Acoustic_Textures/Textures/Mountain.uasset" 1034
"C:/Mi498/MI498_UEProject/Content/WwiseAudio/Virtual_Acoustics/Factory_Acoustic_Textures/Textures/Mountain.uexp" 1035
"C:/Mi498/MI498_UEProject/Content/WwiseAudio/Virtual_Acoustics/Factory_Acoustic_Textures/Textures/Tile.uasset" 1036
"C:/Mi498/MI498_UEProject/Content/WwiseAudio/Virtual_Acoustics/Factory_Acoustic_Textures/Textures/Tile.uexp" 1037
"C:/Mi498/MI498_UEProject/Content/WwiseAudio/Virtual_Acoustics/Factory_Acoustic_Textures/Textures/Wood.uasset" 1038
"C:/Mi498/MI498_UEProject/Content/WwiseAudio/Virtual_Acoustics/Factory_Acoustic_Textures/Textures/Wood.uexp" 1039
"C:/Mi498/MI498_UEProject/Content/WwiseAudio/Virtual_Acoustics/Factory_Acoustic_Textures/Textures/Wood_Bright.uasset" 1040
"C:/Mi498/MI498_UEProject/Content/WwiseAudio/Virtual_Acoustics/Factory_Acoustic_Textures/Textures/Wood_Bright.uexp" 1041
"C:/Mi498/MI498_UEProject/Content/WwiseAudio/Virtual_Acoustics/Factory_Acoustic_Textures/Textures/Wood_Deep.uasset" 1042
"C:/Mi498/MI498_UEProject/Content/WwiseAudio/Virtual_Acoustics/Factory_Acoustic_Textures/Textures/Wood_Deep.uexp" 1043
"C:/Mi498/MI498_UEProject/Content/WwiseAudio/DefaultGeometrySurfacePropertiesTable.uasset" 1044
"C:/Mi498/MI498_UEProject/Content/WwiseAudio/DefaultGeometrySurfacePropertiesTable.uexp" 1045
"C:/Mi498/MI498_UEProject/Content/WwiseAudio/DefaultReverbAssignmentTable.uasset" 1046
"C:/Mi498/MI498_UEProject/Content/WwiseAudio/DefaultReverbAssignmentTable.uexp" 1047
"C:/Mi498/MI498_UEProject/Content/WwiseAudio/InitBank.uasset" 1048
"C:/Mi498/MI498_UEProject/Content/WwiseAudio/InitBank.uexp" 1049
"../../../Engine/Plugins/Interchange/Runtime/Content/Pipelines/DefaultAssetsPipeline.uasset" 1050
"../../../Engine/Plugins/Interchange/Runtime/Content/Pipelines/DefaultAssetsPipeline.uexp" 1051
"../../../Engine/Plugins/Interchange/Runtime/Content/Pipelines/DefaultAudioPipeline.uasset" 1052
"../../../Engine/Plugins/Interchange/Runtime/Content/Pipelines/DefaultAudioPipeline.uexp" 1053
"../../../Engine/Plugins/Interchange/Runtime/Content/Pipelines/DefaultGLTFAssetsPipeline.uasset" 1054
"../../../Engine/Plugins/Interchange/Runtime/Content/Pipelines/DefaultGLTFAssetsPipeline.uexp" 1055
"../../../Engine/Plugins/Interchange/Runtime/Content/Pipelines/DefaultGLTFPipeline.uasset" 1056
"../../../Engine/Plugins/Interchange/Runtime/Content/Pipelines/DefaultGLTFPipeline.uexp" 1057
"../../../Engine/Content/Maps/Entry_BuiltData.uasset" 1058
"../../../Engine/Content/Maps/Entry_BuiltData.uexp" 1059
"../../../Engine/Content/Maps/Entry.uexp" 1060
"../../../Engine/Content/Maps/Entry.umap" 1061
"../../../Engine/Content/Maps/Templates/OpenWorld.uexp" 1062
"../../../Engine/Content/Maps/Templates/OpenWorld.umap" 1063
"../../../Engine/Content/BasicShapes/Plane.ubulk" 1064
"../../../Engine/Content/BasicShapes/Plane.uasset" 1065
"../../../Engine/Content/BasicShapes/Plane.uexp" 1066
"../../../Engine/Content/EngineSky/T_Sky_Blue.ubulk" 1067
"../../../Engine/Content/EngineSky/T_Sky_Blue.uasset" 1068
"../../../Engine/Content/EngineSky/T_Sky_Blue.uexp" 1069
"../../../Engine/Content/EngineSky/T_Sky_Clouds_M.ubulk" 1070
"../../../Engine/Content/EngineSky/T_Sky_Clouds_M.uasset" 1071
"../../../Engine/Content/EngineSky/T_Sky_Clouds_M.uexp" 1072
"../../../Engine/Content/EngineSky/T_Sky_Stars.ubulk" 1073
"../../../Engine/Content/EngineSky/T_Sky_Stars.uasset" 1074
"../../../Engine/Content/EngineSky/T_Sky_Stars.uexp" 1075
"../../../Engine/Content/EngineSky/M_Sky_Panning_Clouds2.uasset" 1076
"../../../Engine/Content/EngineSky/M_Sky_Panning_Clouds2.uexp" 1077
"../../../Engine/Content/EngineSky/SM_SkySphere.ubulk" 1078
"../../../Engine/Content/EngineSky/SM_SkySphere.uasset" 1079
"../../../Engine/Content/EngineSky/SM_SkySphere.uexp" 1080
"../../../Engine/Content/EngineSky/M_SimpleSkyDome.uasset" 1081
"../../../Engine/Content/EngineSky/M_SimpleSkyDome.uexp" 1082
"../../../Engine/Content/EngineResources/DefaultVolumeTexture2D.uasset" 1083
"../../../Engine/Content/EngineResources/DefaultVolumeTexture2D.uexp" 1084
"../../../Engine/Content/EngineResources/DefaultVolumeTexture.uasset" 1085
"../../../Engine/Content/EngineResources/DefaultVolumeTexture.uexp" 1086
"../../../Engine/Content/EngineSky/VolumetricClouds/VT_Lightning.uasset" 1087
"../../../Engine/Content/EngineSky/VolumetricClouds/VT_Lightning.uexp" 1088
"../../../Engine/Content/Functions/Engine_MaterialFunctions01/Units/Km-to-Cm.uasset" 1089
"../../../Engine/Content/Functions/Engine_MaterialFunctions01/Units/Km-to-Cm.uexp" 1090
"../../../Engine/Content/EngineSky/VolumetricClouds/m_SimpleVolumetricCloud.uasset" 1091
"../../../Engine/Content/EngineSky/VolumetricClouds/m_SimpleVolumetricCloud.uexp" 1092
"../../../Engine/Content/EngineSky/VolumetricClouds/T_CloudMask.ubulk" 1093
"../../../Engine/Content/EngineSky/VolumetricClouds/T_CloudMask.uasset" 1094
"../../../Engine/Content/EngineSky/VolumetricClouds/T_CloudMask.uexp" 1095
"../../../Engine/Content/EngineSky/VolumetricClouds/T_CloudPattern.ubulk" 1096
"../../../Engine/Content/EngineSky/VolumetricClouds/T_CloudPattern.uasset" 1097
"../../../Engine/Content/EngineSky/VolumetricClouds/T_CloudPattern.uexp" 1098
"../../../Engine/Content/EngineSky/VolumetricClouds/T_Profile_08.ubulk" 1099
"../../../Engine/Content/EngineSky/VolumetricClouds/T_Profile_08.uasset" 1100
"../../../Engine/Content/EngineSky/VolumetricClouds/T_Profile_08.uexp" 1101
"../../../Engine/Content/EngineSky/VolumetricClouds/VT_PerlinWorley_Balanced.uasset" 1102
"../../../Engine/Content/EngineSky/VolumetricClouds/VT_PerlinWorley_Balanced.uexp" 1103
"../../../Engine/Content/EngineSky/VolumetricClouds/m_SimpleVolumetricCloud_Inst.uasset" 1104
"../../../Engine/Content/EngineSky/VolumetricClouds/m_SimpleVolumetricCloud_Inst.uexp" 1105
"../../../Engine/Content/BasicShapes/Sphere.ubulk" 1106
"../../../Engine/Content/BasicShapes/Sphere.uasset" 1107
"../../../Engine/Content/BasicShapes/Sphere.uexp" 1108
"C:/Mi498/MI498_UEProject/Content/Technical/TechnicalMaterials/TechMat_Green/M_TechMat_Green.uasset" 1109
"C:/Mi498/MI498_UEProject/Content/Technical/TechnicalMaterials/TechMat_Green/M_TechMat_Green.uexp" 1110
"C:/Mi498/MI498_UEProject/Content/MissionSystem/BP_BombPiece.uasset" 1111
"C:/Mi498/MI498_UEProject/Content/MissionSystem/BP_BombPiece.uexp" 1112
"C:/Mi498/MI498_UEProject/Content/MissionSystem/BP_ExitPlatform.uasset" 1113
"C:/Mi498/MI498_UEProject/Content/MissionSystem/BP_ExitPlatform.uexp" 1114
"../../../Engine/Content/EditorBlueprintResources/StandardMacros.uasset" 1115
"../../../Engine/Content/EditorBlueprintResources/StandardMacros.uexp" 1116
"C:/Mi498/MI498_UEProject/Content/Input/Interact.uasset" 1117
"C:/Mi498/MI498_UEProject/Content/Input/Interact.uexp" 1118
"C:/Mi498/MI498_UEProject/Content/Input/Jump.uasset" 1119
"C:/Mi498/MI498_UEProject/Content/Input/Jump.uexp" 1120
"C:/Mi498/MI498_UEProject/Content/Input/Look.uasset" 1121
"C:/Mi498/MI498_UEProject/Content/Input/Look.uexp" 1122
"C:/Mi498/MI498_UEProject/Content/Input/Move.uasset" 1123
"C:/Mi498/MI498_UEProject/Content/Input/Move.uexp" 1124
"C:/Mi498/MI498_UEProject/Content/Input/PrimaryAttack.uasset" 1125
"C:/Mi498/MI498_UEProject/Content/Input/PrimaryAttack.uexp" 1126
"C:/Mi498/MI498_UEProject/Content/Input/PrimaryAttackHold.uasset" 1127
"C:/Mi498/MI498_UEProject/Content/Input/PrimaryAttackHold.uexp" 1128
"C:/Mi498/MI498_UEProject/Content/Input/Reload.uasset" 1129
"C:/Mi498/MI498_UEProject/Content/Input/Reload.uexp" 1130
"C:/Mi498/MI498_UEProject/Content/Input/SecondaryAttack.uasset" 1131
"C:/Mi498/MI498_UEProject/Content/Input/SecondaryAttack.uexp" 1132
"C:/Mi498/MI498_UEProject/Content/Input/SecondaryAttackHold.uasset" 1133
"C:/Mi498/MI498_UEProject/Content/Input/SecondaryAttackHold.uexp" 1134
"C:/Mi498/MI498_UEProject/Content/Input/WeaponNext.uasset" 1135
"C:/Mi498/MI498_UEProject/Content/Input/WeaponNext.uexp" 1136
"C:/Mi498/MI498_UEProject/Content/Input/WeaponOne.uasset" 1137
"C:/Mi498/MI498_UEProject/Content/Input/WeaponOne.uexp" 1138
"C:/Mi498/MI498_UEProject/Content/Input/WeaponPrev.uasset" 1139
"C:/Mi498/MI498_UEProject/Content/Input/WeaponPrev.uexp" 1140
"C:/Mi498/MI498_UEProject/Content/Input/WeaponThree.uasset" 1141
"C:/Mi498/MI498_UEProject/Content/Input/WeaponThree.uexp" 1142
"C:/Mi498/MI498_UEProject/Content/Input/WeaponTwo.uasset" 1143
"C:/Mi498/MI498_UEProject/Content/Input/WeaponTwo.uexp" 1144
"C:/Mi498/MI498_UEProject/Content/Input/PlayerInputMap.uasset" 1145
"C:/Mi498/MI498_UEProject/Content/Input/PlayerInputMap.uexp" 1146
"C:/Mi498/MI498_UEProject/Content/UI/DeathOverlay.uasset" 1147
"C:/Mi498/MI498_UEProject/Content/UI/DeathOverlay.uexp" 1148
"../../../Engine/Content/EditorResources/DefaultEditorFont.uasset" 1149
"../../../Engine/Content/EditorResources/DefaultEditorFont.uexp" 1150
"C:/Mi498/MI498_UEProject/Content/UI/UI_Art/Healthbar_Empty.uasset" 1151
"C:/Mi498/MI498_UEProject/Content/UI/UI_Art/Healthbar_Empty.uexp" 1152
"C:/Mi498/MI498_UEProject/Content/UI/UI_Art/Healthbar_Fill.uasset" 1153
"C:/Mi498/MI498_UEProject/Content/UI/UI_Art/Healthbar_Fill.uexp" 1154
"C:/Mi498/MI498_UEProject/Content/WwiseAudio/Game_Parameters/Default_Work_Unit/HPValue.uasset" 1155
"C:/Mi498/MI498_UEProject/Content/WwiseAudio/Game_Parameters/Default_Work_Unit/HPValue.uexp" 1156
"C:/Mi498/MI498_UEProject/Content/UI/WBP_PlayerHealthbar.uasset" 1157
"C:/Mi498/MI498_UEProject/Content/UI/WBP_PlayerHealthbar.uexp" 1158
"C:/Mi498/MI498_UEProject/Content/UI/UI_Art/Crosshair.uasset" 1159
"C:/Mi498/MI498_UEProject/Content/UI/UI_Art/Crosshair.uexp" 1160
"C:/Mi498/MI498_UEProject/Content/UI/UI_Art/Range_Crosshair.uasset" 1161
"C:/Mi498/MI498_UEProject/Content/UI/UI_Art/Range_Crosshair.uexp" 1162
"C:/Mi498/MI498_UEProject/Content/UI/HUD.uasset" 1163
"C:/Mi498/MI498_UEProject/Content/UI/HUD.uexp" 1164
"C:/Mi498/MI498_UEProject/Content/UI/PauseMenu.uasset" 1165
"C:/Mi498/MI498_UEProject/Content/UI/PauseMenu.uexp" 1166
"C:/Mi498/MI498_UEProject/Content/Technical/Curves/Fcurve_Ease_Out.uasset" 1167
"C:/Mi498/MI498_UEProject/Content/Technical/Curves/Fcurve_Ease_Out.uexp" 1168
"C:/Mi498/MI498_UEProject/Content/WwiseAudio/Events/Default_Work_Unit/Environment/WindStop.uasset" 1169
"C:/Mi498/MI498_UEProject/Content/WwiseAudio/Events/Default_Work_Unit/Environment/WindStop.uexp" 1170
"C:/Mi498/MI498_UEProject/Content/WwiseAudio/Events/Default_Work_Unit/Player/PlayerDamage.uasset" 1171
"C:/Mi498/MI498_UEProject/Content/WwiseAudio/Events/Default_Work_Unit/Player/PlayerDamage.uexp" 1172
"C:/Mi498/MI498_UEProject/Content/WwiseAudio/Events/Default_Work_Unit/Player/PlayerDeath.uasset" 1173
"C:/Mi498/MI498_UEProject/Content/WwiseAudio/Events/Default_Work_Unit/Player/PlayerDeath.uexp" 1174
"C:/Mi498/MI498_UEProject/Content/WwiseAudio/Events/Default_Work_Unit/Player/PlayerLand.uasset" 1175
"C:/Mi498/MI498_UEProject/Content/WwiseAudio/Events/Default_Work_Unit/Player/PlayerLand.uexp" 1176
"C:/Mi498/MI498_UEProject/Content/WwiseAudio/Events/Default_Work_Unit/Player/PlayerVault.uasset" 1177
"C:/Mi498/MI498_UEProject/Content/WwiseAudio/Events/Default_Work_Unit/Player/PlayerVault.uexp" 1178
"C:/Mi498/MI498_UEProject/Content/WwiseAudio/Events/Default_Work_Unit/Player/Sprint.uasset" 1179
"C:/Mi498/MI498_UEProject/Content/WwiseAudio/Events/Default_Work_Unit/Player/Sprint.uexp" 1180
"C:/Mi498/MI498_UEProject/Content/WwiseAudio/Events/Default_Work_Unit/Weapons/WeaponSwap.uasset" 1181
"C:/Mi498/MI498_UEProject/Content/WwiseAudio/Events/Default_Work_Unit/Weapons/WeaponSwap.uexp" 1182
"C:/Mi498/MI498_UEProject/Content/Art/AnimatedModels/Player/piratePlayerArm_Skeleton.uasset" 1183
"C:/Mi498/MI498_UEProject/Content/Art/AnimatedModels/Player/piratePlayerArm_Skeleton.uexp" 1184
"C:/Mi498/MI498_UEProject/Content/Art/AnimatedModels/Player/piratePlayerArm.uasset" 1185
"C:/Mi498/MI498_UEProject/Content/Art/AnimatedModels/Player/piratePlayerArm.uexp" 1186
"C:/Mi498/MI498_UEProject/Content/WwiseAudio/Events/Default_Work_Unit/Weapons/BlunderbussHeavy.uasset" 1187
"C:/Mi498/MI498_UEProject/Content/WwiseAudio/Events/Default_Work_Unit/Weapons/BlunderbussHeavy.uexp" 1188
"C:/Mi498/MI498_UEProject/Content/WwiseAudio/Events/Default_Work_Unit/Weapons/BlunderbussLight.uasset" 1189
"C:/Mi498/MI498_UEProject/Content/WwiseAudio/Events/Default_Work_Unit/Weapons/BlunderbussLight.uexp" 1190
"C:/Mi498/MI498_UEProject/Content/WwiseAudio/Events/Default_Work_Unit/Weapons/Blunderbuss/BlunderbussReload.uasset" 1191
"C:/Mi498/MI498_UEProject/Content/WwiseAudio/Events/Default_Work_Unit/Weapons/Blunderbuss/BlunderbussReload.uexp" 1192
"C:/Mi498/MI498_UEProject/Content/Weapons/BP_Blunderbuss.uasset" 1193
"C:/Mi498/MI498_UEProject/Content/Weapons/BP_Blunderbuss.uexp" 1194
"C:/Mi498/MI498_UEProject/Content/WwiseAudio/Events/Default_Work_Unit/Weapons/GrapplingHook.uasset" 1195
"C:/Mi498/MI498_UEProject/Content/WwiseAudio/Events/Default_Work_Unit/Weapons/GrapplingHook.uexp" 1196
"C:/Mi498/MI498_UEProject/Content/WwiseAudio/Events/Default_Work_Unit/Weapons/Grapple/GrappleReelInMiss.uasset" 1197
"C:/Mi498/MI498_UEProject/Content/WwiseAudio/Events/Default_Work_Unit/Weapons/Grapple/GrappleReelInMiss.uexp" 1198
"../../../Engine/Content/BasicShapes/BasicShapeMaterial.uasset" 1199
"../../../Engine/Content/BasicShapes/BasicShapeMaterial.uexp" 1200
"C:/Mi498/MI498_UEProject/Content/WwiseAudio/Game_Parameters/Default_Work_Unit/ReelInTime.uasset" 1201
"C:/Mi498/MI498_UEProject/Content/WwiseAudio/Game_Parameters/Default_Work_Unit/ReelInTime.uexp" 1202
"C:/Mi498/MI498_UEProject/Content/WwiseAudio/Events/Default_Work_Unit/Weapons/Grapple/GrappleReelInPlayer.uasset" 1203
"C:/Mi498/MI498_UEProject/Content/WwiseAudio/Events/Default_Work_Unit/Weapons/Grapple/GrappleReelInPlayer.uexp" 1204
"C:/Mi498/MI498_UEProject/Content/WwiseAudio/Events/Default_Work_Unit/Weapons/Grapple/GrappleSnapBack.uasset" 1205
"C:/Mi498/MI498_UEProject/Content/WwiseAudio/Events/Default_Work_Unit/Weapons/Grapple/GrappleSnapBack.uexp" 1206
"C:/Mi498/MI498_UEProject/Content/WwiseAudio/Events/Default_Work_Unit/Weapons/Grapple/GrappleStop.uasset" 1207
"C:/Mi498/MI498_UEProject/Content/WwiseAudio/Events/Default_Work_Unit/Weapons/Grapple/GrappleStop.uexp" 1208
"C:/Mi498/MI498_UEProject/Content/WwiseAudio/Events/Default_Work_Unit/Weapons/Grapple/GrappleStrikeTarget.uasset" 1209
"C:/Mi498/MI498_UEProject/Content/WwiseAudio/Events/Default_Work_Unit/Weapons/Grapple/GrappleStrikeTarget.uexp" 1210
"C:/Mi498/MI498_UEProject/Content/Weapons/BP_Harpoon.uasset" 1211
"C:/Mi498/MI498_UEProject/Content/Weapons/BP_Harpoon.uexp" 1212
"C:/Mi498/MI498_UEProject/Content/Weapons/BP_HarpoonGun.uasset" 1213
"C:/Mi498/MI498_UEProject/Content/Weapons/BP_HarpoonGun.uexp" 1214
"C:/Mi498/MI498_UEProject/Content/WwiseAudio/Events/Default_Work_Unit/Weapons/SwordSwing.uasset" 1215
"C:/Mi498/MI498_UEProject/Content/WwiseAudio/Events/Default_Work_Unit/Weapons/SwordSwing.uexp" 1216
"C:/Mi498/MI498_UEProject/Content/WwiseAudio/Events/Default_Work_Unit/Weapons/Sword/SwordDash.uasset" 1217
"C:/Mi498/MI498_UEProject/Content/WwiseAudio/Events/Default_Work_Unit/Weapons/Sword/SwordDash.uexp" 1218
"C:/Mi498/MI498_UEProject/Content/Weapons/BP_Sword.uasset" 1219
"C:/Mi498/MI498_UEProject/Content/Weapons/BP_Sword.uexp" 1220
"../../../Engine/Plugins/Animation/ACLPlugin/Content/ACLAnimBoneCompressionSettings.uasset" 1221
"../../../Engine/Plugins/Animation/ACLPlugin/Content/ACLAnimBoneCompressionSettings.uexp" 1222
"../../../Engine/Plugins/Animation/ACLPlugin/Content/ACLAnimCurveCompressionSettings.uasset" 1223
"../../../Engine/Plugins/Animation/ACLPlugin/Content/ACLAnimCurveCompressionSettings.uexp" 1224
"../../../Engine/Content/Animation/DefaultVariableFrameStrippingSettings.uasset" 1225
"../../../Engine/Content/Animation/DefaultVariableFrameStrippingSettings.uexp" 1226
"C:/Mi498/MI498_UEProject/Content/Art/AnimatedModels/Player/AnimationSequences/FAKEIDLE.uasset" 1227
"C:/Mi498/MI498_UEProject/Content/Art/AnimatedModels/Player/AnimationSequences/FAKEIDLE.uexp" 1228
"C:/Mi498/MI498_UEProject/Content/Art/AnimatedModels/Player/BP_PlayerAnimation.uasset" 1229
"C:/Mi498/MI498_UEProject/Content/Art/AnimatedModels/Player/BP_PlayerAnimation.uexp" 1230
"C:/Mi498/MI498_UEProject/Content/Player/BP_PlayerCharacter.uasset" 1231
"C:/Mi498/MI498_UEProject/Content/Player/BP_PlayerCharacter.uexp" 1232
"C:/Mi498/MI498_UEProject/Content/UI/ScoreScreen.uasset" 1233
"C:/Mi498/MI498_UEProject/Content/UI/ScoreScreen.uexp" 1234
"C:/Mi498/MI498_UEProject/Content/WwiseAudio/Events/Default_Work_Unit/VA/AllPiecesCollectedDialogue.uasset" 1235
"C:/Mi498/MI498_UEProject/Content/WwiseAudio/Events/Default_Work_Unit/VA/AllPiecesCollectedDialogue.uexp" 1236
"C:/Mi498/MI498_UEProject/Content/WwiseAudio/Events/Default_Work_Unit/VA/BombExplodedDialogue.uasset" 1237
"C:/Mi498/MI498_UEProject/Content/WwiseAudio/Events/Default_Work_Unit/VA/BombExplodedDialogue.uexp" 1238
"C:/Mi498/MI498_UEProject/Content/WwiseAudio/Events/Default_Work_Unit/VA/BombPlantDialogue.uasset" 1239
"C:/Mi498/MI498_UEProject/Content/WwiseAudio/Events/Default_Work_Unit/VA/BombPlantDialogue.uexp" 1240
"C:/Mi498/MI498_UEProject/Content/WwiseAudio/Events/Default_Work_Unit/VA/EscapeCannonDialogue.uasset" 1241
"C:/Mi498/MI498_UEProject/Content/WwiseAudio/Events/Default_Work_Unit/VA/EscapeCannonDialogue.uexp" 1242
"C:/Mi498/MI498_UEProject/Content/WwiseAudio/Events/Default_Work_Unit/VA/LeaveVaultDialogue.uasset" 1243
"C:/Mi498/MI498_UEProject/Content/WwiseAudio/Events/Default_Work_Unit/VA/LeaveVaultDialogue.uexp" 1244
"C:/Mi498/MI498_UEProject/Content/WwiseAudio/Events/Default_Work_Unit/VA/NearVaultDialogue.uasset" 1245
"C:/Mi498/MI498_UEProject/Content/WwiseAudio/Events/Default_Work_Unit/VA/NearVaultDialogue.uexp" 1246
"C:/Mi498/MI498_UEProject/Content/WwiseAudio/Events/Default_Work_Unit/VA/ONePIeceCollectedDialogue.uasset" 1247
"C:/Mi498/MI498_UEProject/Content/WwiseAudio/Events/Default_Work_Unit/VA/ONePIeceCollectedDialogue.uexp" 1248
"C:/Mi498/MI498_UEProject/Content/WwiseAudio/Events/Default_Work_Unit/VA/StartMissionDialogue.uasset" 1249
"C:/Mi498/MI498_UEProject/Content/WwiseAudio/Events/Default_Work_Unit/VA/StartMissionDialogue.uexp" 1250
"C:/Mi498/MI498_UEProject/Content/MissionSystem/BP_MissionController.uasset" 1251
"C:/Mi498/MI498_UEProject/Content/MissionSystem/BP_MissionController.uexp" 1252
"../../../Engine/Content/BasicShapes/Cube.ubulk" 1253
"../../../Engine/Content/BasicShapes/Cube.uasset" 1254
"../../../Engine/Content/BasicShapes/Cube.uexp" 1255
"C:/Mi498/MI498_UEProject/Content/MissionSystem/BP_VaultDoor.uasset" 1256
"C:/Mi498/MI498_UEProject/Content/MissionSystem/BP_VaultDoor.uexp" 1257
"C:/Mi498/MI498_UEProject/Content/MissionSystem/BP_VaultRoom.uasset" 1258
"C:/Mi498/MI498_UEProject/Content/MissionSystem/BP_VaultRoom.uexp" 1259
"C:/Mi498/MI498_UEProject/Content/Art/Models/Characters/averageBlockoutSmooth.ubulk" 1260
"C:/Mi498/MI498_UEProject/Content/Art/Models/Characters/averageBlockoutSmooth.uasset" 1261
"C:/Mi498/MI498_UEProject/Content/Art/Models/Characters/averageBlockoutSmooth.uexp" 1262
"../../../Engine/Content/Tutorial/SubEditors/TutorialAssets/Character/TutorialTPP_Skeleton.uasset" 1263
"../../../Engine/Content/Tutorial/SubEditors/TutorialAssets/Character/TutorialTPP_Skeleton.uexp" 1264
"../../../Engine/Content/Tutorial/SubEditors/TutorialAssets/Character/TutorialTPP_Mat.uasset" 1265
"../../../Engine/Content/Tutorial/SubEditors/TutorialAssets/Character/TutorialTPP_Mat.uexp" 1266
"../../../Engine/Content/Tutorial/SubEditors/TutorialAssets/Character/TutorialTPP_PhysicsAsset.uasset" 1267
"../../../Engine/Content/Tutorial/SubEditors/TutorialAssets/Character/TutorialTPP_PhysicsAsset.uexp" 1268
"../../../Engine/Content/Tutorial/SubEditors/TutorialAssets/Character/TutorialTPP.uasset" 1269
"../../../Engine/Content/Tutorial/SubEditors/TutorialAssets/Character/TutorialTPP.uexp" 1270
"../../../Engine/Content/Animation/DefaultAnimBoneCompressionSettings.uasset" 1271
"../../../Engine/Content/Animation/DefaultAnimBoneCompressionSettings.uexp" 1272
"../../../Engine/Content/Animation/DefaultAnimCurveCompressionSettings.uasset" 1273
"../../../Engine/Content/Animation/DefaultAnimCurveCompressionSettings.uexp" 1274
"../../../Engine/Content/Tutorial/SubEditors/TutorialAssets/Character/Tutorial_Idle.uasset" 1275
"../../../Engine/Content/Tutorial/SubEditors/TutorialAssets/Character/Tutorial_Idle.uexp" 1276
"../../../Engine/Content/Tutorial/SubEditors/TutorialAssets/Character/Tutorial_Walk_Fwd.uasset" 1277
"../../../Engine/Content/Tutorial/SubEditors/TutorialAssets/Character/Tutorial_Walk_Fwd.uexp" 1278
"../../../Engine/Content/Tutorial/SubEditors/TutorialAssets/Character/NewBlendSpace1D.uasset" 1279
"../../../Engine/Content/Tutorial/SubEditors/TutorialAssets/Character/NewBlendSpace1D.uexp" 1280
"../../../Engine/Content/Tutorial/SubEditors/TutorialAssets/Character/TutorialCharacter.uasset" 1281
"../../../Engine/Content/Tutorial/SubEditors/TutorialAssets/Character/TutorialCharacter.uexp" 1282
"../../../Engine/Content/Tutorial/SubEditors/TutorialAssets/Character/TutorialTPP_AnimBlueprint.uasset" 1283
"../../../Engine/Content/Tutorial/SubEditors/TutorialAssets/Character/TutorialTPP_AnimBlueprint.uexp" 1284
"C:/Mi498/MI498_UEProject/Content/AI/AIC_EnemyController.uasset" 1285
"C:/Mi498/MI498_UEProject/Content/AI/AIC_EnemyController.uexp" 1286
"C:/Mi498/MI498_UEProject/Content/UI/WBP_EnemyHealthbar.uasset" 1287
"C:/Mi498/MI498_UEProject/Content/UI/WBP_EnemyHealthbar.uexp" 1288
"C:/Mi498/MI498_UEProject/Content/AI/EnvironmentQuery/EQS_PlayerContext.uasset" 1289
"C:/Mi498/MI498_UEProject/Content/AI/EnvironmentQuery/EQS_PlayerContext.uexp" 1290
"C:/Mi498/MI498_UEProject/Content/AI/EnvironmentQuery/EQS_ReturnUnblockedAreaForPlayer.uasset" 1291
"C:/Mi498/MI498_UEProject/Content/AI/EnvironmentQuery/EQS_ReturnUnblockedAreaForPlayer.uexp" 1292
"C:/Mi498/MI498_UEProject/Content/AI/StateTrees/AverageEnemy/ST_AverageEnemy.uasset" 1293
"C:/Mi498/MI498_UEProject/Content/AI/StateTrees/AverageEnemy/ST_AverageEnemy.uexp" 1294
"../../../Engine/Content/VREditor/BasicMeshes/T_CleanFloorGrunge_01_D.ubulk" 1295
"../../../Engine/Content/VREditor/BasicMeshes/T_CleanFloorGrunge_01_D.uasset" 1296
"../../../Engine/Content/VREditor/BasicMeshes/T_CleanFloorGrunge_01_D.uexp" 1297
"../../../Engine/Content/VREditor/BasicMeshes/M_Floor_01.uasset" 1298
"../../../Engine/Content/VREditor/BasicMeshes/M_Floor_01.uexp" 1299
"../../../Engine/Content/VREditor/BasicMeshes/MI_Cube_03.uasset" 1300
"../../../Engine/Content/VREditor/BasicMeshes/MI_Cube_03.uexp" 1301
"C:/Mi498/MI498_UEProject/Content/Weapons/BP_PistolProjectile.uasset" 1302
"C:/Mi498/MI498_UEProject/Content/Weapons/BP_PistolProjectile.uexp" 1303
"C:/Mi498/MI498_UEProject/Content/Weapons/BP_Pistol.uasset" 1304
"C:/Mi498/MI498_UEProject/Content/Weapons/BP_Pistol.uexp" 1305
"C:/Mi498/MI498_UEProject/Content/Enemies/BP_EnemyBase.uasset" 1306
"C:/Mi498/MI498_UEProject/Content/Enemies/BP_EnemyBase.uexp" 1307
"C:/Mi498/MI498_UEProject/Content/Enemies/AverageEnemy/BP_AverageEnemy.uasset" 1308
"C:/Mi498/MI498_UEProject/Content/Enemies/AverageEnemy/BP_AverageEnemy.uexp" 1309
"C:/Mi498/MI498_UEProject/Content/Art/Models/Interactables/Crate_Large/crateLarge_Low.ubulk" 1310
"C:/Mi498/MI498_UEProject/Content/Art/Models/Interactables/Crate_Large/crateLarge_Low.uasset" 1311
"C:/Mi498/MI498_UEProject/Content/Art/Models/Interactables/Crate_Large/crateLarge_Low.uexp" 1312
"C:/Mi498/MI498_UEProject/Content/World/Decorative/Crate/BP_Crate.uasset" 1313
"C:/Mi498/MI498_UEProject/Content/World/Decorative/Crate/BP_Crate.uexp" 1314
"C:/Mi498/MI498_UEProject/Content/World/Interactable/Door/BP_Door.uasset" 1315
"C:/Mi498/MI498_UEProject/Content/World/Interactable/Door/BP_Door.uexp" 1316
"C:/Mi498/MI498_UEProject/Content/Art/Models/Interactables/Barrel/barrel_LOW.ubulk" 1317
"C:/Mi498/MI498_UEProject/Content/Art/Models/Interactables/Barrel/barrel_LOW.uasset" 1318
"C:/Mi498/MI498_UEProject/Content/Art/Models/Interactables/Barrel/barrel_LOW.uexp" 1319
"C:/Mi498/MI498_UEProject/Content/Art/Models/Interactables/Barrel/barrel_topBot.ubulk" 1320
"C:/Mi498/MI498_UEProject/Content/Art/Models/Interactables/Barrel/barrel_topBot.uasset" 1321
"C:/Mi498/MI498_UEProject/Content/Art/Models/Interactables/Barrel/barrel_topBot.uexp" 1322
"C:/Mi498/MI498_UEProject/Content/Art/Models/Interactables/Barrel/metalHoops.ubulk" 1323
"C:/Mi498/MI498_UEProject/Content/Art/Models/Interactables/Barrel/metalHoops.uasset" 1324
"C:/Mi498/MI498_UEProject/Content/Art/Models/Interactables/Barrel/metalHoops.uexp" 1325
"C:/Mi498/MI498_UEProject/Content/World/Interactable/ExplodingBarrel/BP_ExplodingBarrel.uasset" 1326
"C:/Mi498/MI498_UEProject/Content/World/Interactable/ExplodingBarrel/BP_ExplodingBarrel.uexp" 1327
"C:/Mi498/MI498_UEProject/Content/Levels/New_Level_01/_GENERATED/dylan/CubeGridToolOutput_9BF316BC.ubulk" 1328
"C:/Mi498/MI498_UEProject/Content/Levels/New_Level_01/_GENERATED/dylan/CubeGridToolOutput_9BF316BC.uasset" 1329
"C:/Mi498/MI498_UEProject/Content/Levels/New_Level_01/_GENERATED/dylan/CubeGridToolOutput_9BF316BC.uexp" 1330
"C:/Mi498/MI498_UEProject/Content/Levels/Alex_LevelDesign/AlexLevelSketchSkyBooter.uasset" 1331
"C:/Mi498/MI498_UEProject/Content/Levels/Alex_LevelDesign/AlexLevelSketchSkyBooter.uexp" 1332
"C:/Mi498/MI498_UEProject/Content/Levels/Alex_LevelDesign/AlexLevelSketchSkyBooter_Mat.uasset" 1333
"C:/Mi498/MI498_UEProject/Content/Levels/Alex_LevelDesign/AlexLevelSketchSkyBooter_Mat.uexp" 1334
"C:/Mi498/MI498_UEProject/Content/Levels/Alex_LevelDesign/Alex_LevelDesign.uexp" 1335
"C:/Mi498/MI498_UEProject/Content/Levels/Alex_LevelDesign/Alex_LevelDesign.umap" 1336
"C:/Mi498/MI498_UEProject/Content/Art/Models/Characters/bruteBlockoutSmooth.ubulk" 1337
"C:/Mi498/MI498_UEProject/Content/Art/Models/Characters/bruteBlockoutSmooth.uasset" 1338
"C:/Mi498/MI498_UEProject/Content/Art/Models/Characters/bruteBlockoutSmooth.uexp" 1339
"C:/Mi498/MI498_UEProject/Content/AI/StateTrees/Brute/ST_Brute.uasset" 1340
"C:/Mi498/MI498_UEProject/Content/AI/StateTrees/Brute/ST_Brute.uexp" 1341
"C:/Mi498/MI498_UEProject/Content/Weapons/BP_Punch.uasset" 1342
"C:/Mi498/MI498_UEProject/Content/Weapons/BP_Punch.uexp" 1343
"C:/Mi498/MI498_UEProject/Content/Enemies/Brute/BP_Brute.uasset" 1344
"C:/Mi498/MI498_UEProject/Content/Enemies/Brute/BP_Brute.uexp" 1345
"C:/Mi498/MI498_UEProject/Content/_GENERATED/noobd/CubeGridToolOutput_1C15AA54.ubulk" 1346
"C:/Mi498/MI498_UEProject/Content/_GENERATED/noobd/CubeGridToolOutput_1C15AA54.uasset" 1347
"C:/Mi498/MI498_UEProject/Content/_GENERATED/noobd/CubeGridToolOutput_1C15AA54.uexp" 1348
"C:/Mi498/MI498_UEProject/Content/_GENERATED/noobd/CubeGridToolOutput_242EAC63.ubulk" 1349
"C:/Mi498/MI498_UEProject/Content/_GENERATED/noobd/CubeGridToolOutput_242EAC63.uasset" 1350
"C:/Mi498/MI498_UEProject/Content/_GENERATED/noobd/CubeGridToolOutput_242EAC63.uexp" 1351
"C:/Mi498/MI498_UEProject/Content/_GENERATED/noobd/CubeGridToolOutput_2CA4B881.ubulk" 1352
"C:/Mi498/MI498_UEProject/Content/_GENERATED/noobd/CubeGridToolOutput_2CA4B881.uasset" 1353
"C:/Mi498/MI498_UEProject/Content/_GENERATED/noobd/CubeGridToolOutput_2CA4B881.uexp" 1354
"C:/Mi498/MI498_UEProject/Content/_GENERATED/noobd/CubeGridToolOutput_481D8E71.ubulk" 1355
"C:/Mi498/MI498_UEProject/Content/_GENERATED/noobd/CubeGridToolOutput_481D8E71.uasset" 1356
"C:/Mi498/MI498_UEProject/Content/_GENERATED/noobd/CubeGridToolOutput_481D8E71.uexp" 1357
"C:/Mi498/MI498_UEProject/Content/_GENERATED/noobd/CubeGridToolOutput_69C2539D.ubulk" 1358
"C:/Mi498/MI498_UEProject/Content/_GENERATED/noobd/CubeGridToolOutput_69C2539D.uasset" 1359
"C:/Mi498/MI498_UEProject/Content/_GENERATED/noobd/CubeGridToolOutput_69C2539D.uexp" 1360
"C:/Mi498/MI498_UEProject/Content/_GENERATED/noobd/CubeGridToolOutput_862409F8.ubulk" 1361
"C:/Mi498/MI498_UEProject/Content/_GENERATED/noobd/CubeGridToolOutput_862409F8.uasset" 1362
"C:/Mi498/MI498_UEProject/Content/_GENERATED/noobd/CubeGridToolOutput_862409F8.uexp" 1363
"C:/Mi498/MI498_UEProject/Content/_GENERATED/noobd/CubeGridToolOutput_8BA20A03.ubulk" 1364
"C:/Mi498/MI498_UEProject/Content/_GENERATED/noobd/CubeGridToolOutput_8BA20A03.uasset" 1365
"C:/Mi498/MI498_UEProject/Content/_GENERATED/noobd/CubeGridToolOutput_8BA20A03.uexp" 1366
"C:/Mi498/MI498_UEProject/Content/_GENERATED/noobd/CubeGridToolOutput_94556CAA.ubulk" 1367
"C:/Mi498/MI498_UEProject/Content/_GENERATED/noobd/CubeGridToolOutput_94556CAA.uasset" 1368
"C:/Mi498/MI498_UEProject/Content/_GENERATED/noobd/CubeGridToolOutput_94556CAA.uexp" 1369
"C:/Mi498/MI498_UEProject/Content/_GENERATED/noobd/CubeGridToolOutput_9A7B96B6.ubulk" 1370
"C:/Mi498/MI498_UEProject/Content/_GENERATED/noobd/CubeGridToolOutput_9A7B96B6.uasset" 1371
"C:/Mi498/MI498_UEProject/Content/_GENERATED/noobd/CubeGridToolOutput_9A7B96B6.uexp" 1372
"C:/Mi498/MI498_UEProject/Content/_GENERATED/noobd/CubeGridToolOutput_AB35C5AD.ubulk" 1373
"C:/Mi498/MI498_UEProject/Content/_GENERATED/noobd/CubeGridToolOutput_AB35C5AD.uasset" 1374
"C:/Mi498/MI498_UEProject/Content/_GENERATED/noobd/CubeGridToolOutput_AB35C5AD.uexp" 1375
"C:/Mi498/MI498_UEProject/Content/_GENERATED/noobd/CubeGridToolOutput_DEF8F83B.ubulk" 1376
"C:/Mi498/MI498_UEProject/Content/_GENERATED/noobd/CubeGridToolOutput_DEF8F83B.uasset" 1377
"C:/Mi498/MI498_UEProject/Content/_GENERATED/noobd/CubeGridToolOutput_DEF8F83B.uexp" 1378
"C:/Mi498/MI498_UEProject/Content/_GENERATED/noobd/CubeGridToolOutput_DF3222A0.ubulk" 1379
"C:/Mi498/MI498_UEProject/Content/_GENERATED/noobd/CubeGridToolOutput_DF3222A0.uasset" 1380
"C:/Mi498/MI498_UEProject/Content/_GENERATED/noobd/CubeGridToolOutput_DF3222A0.uexp" 1381
"C:/Mi498/MI498_UEProject/Content/Levels/Aiden_LevelDesign/b57282f70b19eece0ae0c92657a652ba.uasset" 1382
"C:/Mi498/MI498_UEProject/Content/Levels/Aiden_LevelDesign/b57282f70b19eece0ae0c92657a652ba.uexp" 1383
"C:/Mi498/MI498_UEProject/Content/Levels/Aiden_LevelDesign/b57282f70b19eece0ae0c92657a652ba_Mat.uasset" 1384
"C:/Mi498/MI498_UEProject/Content/Levels/Aiden_LevelDesign/b57282f70b19eece0ae0c92657a652ba_Mat.uexp" 1385
"C:/Mi498/MI498_UEProject/Content/Levels/Aiden_LevelDesign/ben-10-94.uasset" 1386
"C:/Mi498/MI498_UEProject/Content/Levels/Aiden_LevelDesign/ben-10-94.uexp" 1387
"C:/Mi498/MI498_UEProject/Content/Levels/Aiden_LevelDesign/ben-10-94_Mat.uasset" 1388
"C:/Mi498/MI498_UEProject/Content/Levels/Aiden_LevelDesign/ben-10-94_Mat.uexp" 1389
"C:/Mi498/MI498_UEProject/Content/Levels/Aiden_LevelDesign/Crowd-PNG-HD-Image.uasset" 1390
"C:/Mi498/MI498_UEProject/Content/Levels/Aiden_LevelDesign/Crowd-PNG-HD-Image.uexp" 1391
"C:/Mi498/MI498_UEProject/Content/Levels/Aiden_LevelDesign/Crowd-PNG-HD-Image_Mat.uasset" 1392
"C:/Mi498/MI498_UEProject/Content/Levels/Aiden_LevelDesign/Crowd-PNG-HD-Image_Mat.uexp" 1393
"C:/Mi498/MI498_UEProject/Content/Levels/Aiden_LevelDesign/doctor-strange-3-711x1024.uasset" 1394
"C:/Mi498/MI498_UEProject/Content/Levels/Aiden_LevelDesign/doctor-strange-3-711x1024.uexp" 1395
"C:/Mi498/MI498_UEProject/Content/Levels/Aiden_LevelDesign/doctor-strange-3-711x1024_Mat.uasset" 1396
"C:/Mi498/MI498_UEProject/Content/Levels/Aiden_LevelDesign/doctor-strange-3-711x1024_Mat.uexp" 1397
"C:/Mi498/MI498_UEProject/Content/Levels/Aiden_LevelDesign/doctor_strange_portal_png_by_coenisawesome_dfeeona-pre.uasset" 1398
"C:/Mi498/MI498_UEProject/Content/Levels/Aiden_LevelDesign/doctor_strange_portal_png_by_coenisawesome_dfeeona-pre.uexp" 1399
"C:/Mi498/MI498_UEProject/Content/Levels/Aiden_LevelDesign/doctor_strange_portal_png_by_coenisawesome_dfeeona-pre_Mat.uasset" 1400
"C:/Mi498/MI498_UEProject/Content/Levels/Aiden_LevelDesign/doctor_strange_portal_png_by_coenisawesome_dfeeona-pre_Mat.uexp" 1401
"C:/Mi498/MI498_UEProject/Content/Levels/Aiden_LevelDesign/featured.ubulk" 1402
"C:/Mi498/MI498_UEProject/Content/Levels/Aiden_LevelDesign/featured.uasset" 1403
"C:/Mi498/MI498_UEProject/Content/Levels/Aiden_LevelDesign/featured.uexp" 1404
"C:/Mi498/MI498_UEProject/Content/Levels/Aiden_LevelDesign/featured_Mat.uasset" 1405
"C:/Mi498/MI498_UEProject/Content/Levels/Aiden_LevelDesign/featured_Mat.uexp" 1406
"C:/Mi498/MI498_UEProject/Content/Levels/Aiden_LevelDesign/Fortnite-Jonesy-The-First-PNG-Photos.uasset" 1407
"C:/Mi498/MI498_UEProject/Content/Levels/Aiden_LevelDesign/Fortnite-Jonesy-The-First-PNG-Photos.uexp" 1408
"C:/Mi498/MI498_UEProject/Content/Levels/Aiden_LevelDesign/Fortnite-Jonesy-The-First-PNG-Photos_Mat.uasset" 1409
"C:/Mi498/MI498_UEProject/Content/Levels/Aiden_LevelDesign/Fortnite-Jonesy-The-First-PNG-Photos_Mat.uexp" 1410
"C:/Mi498/MI498_UEProject/Content/Levels/Aiden_LevelDesign/GaldiatorThanos.uasset" 1411
"C:/Mi498/MI498_UEProject/Content/Levels/Aiden_LevelDesign/GaldiatorThanos.uexp" 1412
"C:/Mi498/MI498_UEProject/Content/Levels/Aiden_LevelDesign/GaldiatorThanos_Mat.uasset" 1413
"C:/Mi498/MI498_UEProject/Content/Levels/Aiden_LevelDesign/GaldiatorThanos_Mat.uexp" 1414
"C:/Mi498/MI498_UEProject/Content/Levels/Aiden_LevelDesign/Goku-Ultra-Instinct-PNG-File.uasset" 1415
"C:/Mi498/MI498_UEProject/Content/Levels/Aiden_LevelDesign/Goku-Ultra-Instinct-PNG-File.uexp" 1416
"C:/Mi498/MI498_UEProject/Content/Levels/Aiden_LevelDesign/Goku-Ultra-Instinct-PNG-File_Mat.uasset" 1417
"C:/Mi498/MI498_UEProject/Content/Levels/Aiden_LevelDesign/Goku-Ultra-Instinct-PNG-File_Mat.uexp" 1418
"C:/Mi498/MI498_UEProject/Content/Levels/Aiden_LevelDesign/GokuSad.uasset" 1419
"C:/Mi498/MI498_UEProject/Content/Levels/Aiden_LevelDesign/GokuSad.uexp" 1420
"C:/Mi498/MI498_UEProject/Content/Levels/Aiden_LevelDesign/GokuSad_Mat.uasset" 1421
"C:/Mi498/MI498_UEProject/Content/Levels/Aiden_LevelDesign/GokuSad_Mat.uexp" 1422
"C:/Mi498/MI498_UEProject/Content/Levels/Aiden_LevelDesign/IronmanDialogue.uasset" 1423
"C:/Mi498/MI498_UEProject/Content/Levels/Aiden_LevelDesign/IronmanDialogue.uexp" 1424
"C:/Mi498/MI498_UEProject/Content/Levels/Aiden_LevelDesign/IronmanDialogue_Mat.uasset" 1425
"C:/Mi498/MI498_UEProject/Content/Levels/Aiden_LevelDesign/IronmanDialogue_Mat.uexp" 1426
"C:/Mi498/MI498_UEProject/Content/Levels/Aiden_LevelDesign/Marvel-Villian-Thanos-PNG-Clipart.uasset" 1427
"C:/Mi498/MI498_UEProject/Content/Levels/Aiden_LevelDesign/Marvel-Villian-Thanos-PNG-Clipart.uexp" 1428
"C:/Mi498/MI498_UEProject/Content/Levels/Aiden_LevelDesign/Marvel-Villian-Thanos-PNG-Clipart_Mat.uasset" 1429
"C:/Mi498/MI498_UEProject/Content/Levels/Aiden_LevelDesign/Marvel-Villian-Thanos-PNG-Clipart_Mat.uexp" 1430
"C:/Mi498/MI498_UEProject/Content/Levels/Aiden_LevelDesign/NOOOOO.uasset" 1431
"C:/Mi498/MI498_UEProject/Content/Levels/Aiden_LevelDesign/NOOOOO.uexp" 1432
"C:/Mi498/MI498_UEProject/Content/Levels/Aiden_LevelDesign/NOOOOO_Mat.uasset" 1433
"C:/Mi498/MI498_UEProject/Content/Levels/Aiden_LevelDesign/NOOOOO_Mat.uexp" 1434
"C:/Mi498/MI498_UEProject/Content/Levels/Aiden_LevelDesign/OHNOTHANOS.uasset" 1435
"C:/Mi498/MI498_UEProject/Content/Levels/Aiden_LevelDesign/OHNOTHANOS.uexp" 1436
"C:/Mi498/MI498_UEProject/Content/Levels/Aiden_LevelDesign/OHNOTHANOS_Mat.uasset" 1437
"C:/Mi498/MI498_UEProject/Content/Levels/Aiden_LevelDesign/OHNOTHANOS_Mat.uexp" 1438
"C:/Mi498/MI498_UEProject/Content/Levels/Aiden_LevelDesign/Surrounded.uasset" 1439
"C:/Mi498/MI498_UEProject/Content/Levels/Aiden_LevelDesign/Surrounded.uexp" 1440
"C:/Mi498/MI498_UEProject/Content/Levels/Aiden_LevelDesign/Surrounded_Mat.uasset" 1441
"C:/Mi498/MI498_UEProject/Content/Levels/Aiden_LevelDesign/Surrounded_Mat.uexp" 1442
"C:/Mi498/MI498_UEProject/Content/Levels/Aiden_LevelDesign/ThanosMuhahahah.uasset" 1443
"C:/Mi498/MI498_UEProject/Content/Levels/Aiden_LevelDesign/ThanosMuhahahah.uexp" 1444
"C:/Mi498/MI498_UEProject/Content/Levels/Aiden_LevelDesign/ThanosMuhahahah_Mat.uasset" 1445
"C:/Mi498/MI498_UEProject/Content/Levels/Aiden_LevelDesign/ThanosMuhahahah_Mat.uexp" 1446
"C:/Mi498/MI498_UEProject/Content/Levels/Aiden_LevelDesign/Walter-White-Breaking-Bad-PNG-Picture.uasset" 1447
"C:/Mi498/MI498_UEProject/Content/Levels/Aiden_LevelDesign/Walter-White-Breaking-Bad-PNG-Picture.uexp" 1448
"C:/Mi498/MI498_UEProject/Content/Levels/Aiden_LevelDesign/Walter-White-Breaking-Bad-PNG-Picture_Mat.uasset" 1449
"C:/Mi498/MI498_UEProject/Content/Levels/Aiden_LevelDesign/Walter-White-Breaking-Bad-PNG-Picture_Mat.uexp" 1450
"C:/Mi498/MI498_UEProject/Content/Levels/Aiden_LevelDesign/WhatThatSound.uasset" 1451
"C:/Mi498/MI498_UEProject/Content/Levels/Aiden_LevelDesign/WhatThatSound.uexp" 1452
"C:/Mi498/MI498_UEProject/Content/Levels/Aiden_LevelDesign/WhatThatSound_Mat.uasset" 1453
"C:/Mi498/MI498_UEProject/Content/Levels/Aiden_LevelDesign/WhatThatSound_Mat.uexp" 1454
"C:/Mi498/MI498_UEProject/Content/Levels/Aiden_LevelDesign/AidenLevel.uexp" 1455
"C:/Mi498/MI498_UEProject/Content/Levels/Aiden_LevelDesign/AidenLevel.umap" 1456
"C:/Mi498/MI498_UEProject/Content/World/Decorative/Pole/BP_Pole.uasset" 1457
"C:/Mi498/MI498_UEProject/Content/World/Decorative/Pole/BP_Pole.uexp" 1458
"C:/Mi498/MI498_UEProject/Content/Technical/LocRotHelper/BP_LocRotHelper.uasset" 1459
"C:/Mi498/MI498_UEProject/Content/Technical/LocRotHelper/BP_LocRotHelper.uexp" 1460
"C:/Mi498/MI498_UEProject/Content/World/Areas/Area_BombExplosion/BP_Area_BombExplosion.uasset" 1461
"C:/Mi498/MI498_UEProject/Content/World/Areas/Area_BombExplosion/BP_Area_BombExplosion.uexp" 1462
"C:/Mi498/MI498_UEProject/Content/World/Mechanics/PlantedBomb/BP_PlantedBomb.uasset" 1463
"C:/Mi498/MI498_UEProject/Content/World/Mechanics/PlantedBomb/BP_PlantedBomb.uexp" 1464
"C:/Mi498/MI498_UEProject/Content/World/Controllers/Controller_BombMission/BP_Controller_BombMission.uasset" 1465
"C:/Mi498/MI498_UEProject/Content/World/Controllers/Controller_BombMission/BP_Controller_BombMission.uexp" 1466
"C:/Mi498/MI498_UEProject/Content/World/Areas/Area_BombPlant/BP_Area_BombPlant.uasset" 1467
"C:/Mi498/MI498_UEProject/Content/World/Areas/Area_BombPlant/BP_Area_BombPlant.uexp" 1468
"C:/Mi498/MI498_UEProject/Content/World/Areas/Area_HomeShip/BP_Area_HomeShip.uasset" 1469
"C:/Mi498/MI498_UEProject/Content/World/Areas/Area_HomeShip/BP_Area_HomeShip.uexp" 1470
"C:/Mi498/MI498_UEProject/Content/World/Decorative/SpinningGear/BP_SpinningGear.uasset" 1471
"C:/Mi498/MI498_UEProject/Content/World/Decorative/SpinningGear/BP_SpinningGear.uexp" 1472
"C:/Mi498/MI498_UEProject/Content/Levels/Chris_LevelDesign/ChrisLevel.uexp" 1473
"C:/Mi498/MI498_UEProject/Content/Levels/Chris_LevelDesign/ChrisLevel.umap" 1474
"C:/Mi498/MI498_UEProject/Content/Levels/Grant_LevelDesign/_GENERATED/jason/CubeGridToolOutput_5529629C.ubulk" 1475
"C:/Mi498/MI498_UEProject/Content/Levels/Grant_LevelDesign/_GENERATED/jason/CubeGridToolOutput_5529629C.uasset" 1476
"C:/Mi498/MI498_UEProject/Content/Levels/Grant_LevelDesign/_GENERATED/jason/CubeGridToolOutput_5529629C.uexp" 1477
"C:/Mi498/MI498_UEProject/Content/Levels/Grant_LevelDesign/GrantHaase_LevelDesign.uexp" 1478
"C:/Mi498/MI498_UEProject/Content/Levels/Grant_LevelDesign/GrantHaase_LevelDesign.umap" 1479
"C:/Mi498/MI498_UEProject/Content/Levels/Gray_LevelDesign/_GENERATED/Grayn/CubeGridToolOutput_608F7E8E.ubulk" 1480
"C:/Mi498/MI498_UEProject/Content/Levels/Gray_LevelDesign/_GENERATED/Grayn/CubeGridToolOutput_608F7E8E.uasset" 1481
"C:/Mi498/MI498_UEProject/Content/Levels/Gray_LevelDesign/_GENERATED/Grayn/CubeGridToolOutput_608F7E8E.uexp" 1482
"C:/Mi498/MI498_UEProject/Content/Levels/Gray_LevelDesign/_GENERATED/Grayn/CubeGridToolOutput_AC0853B4.ubulk" 1483
"C:/Mi498/MI498_UEProject/Content/Levels/Gray_LevelDesign/_GENERATED/Grayn/CubeGridToolOutput_AC0853B4.uasset" 1484
"C:/Mi498/MI498_UEProject/Content/Levels/Gray_LevelDesign/_GENERATED/Grayn/CubeGridToolOutput_AC0853B4.uexp" 1485
"C:/Mi498/MI498_UEProject/Content/Levels/Gray_LevelDesign/Gray_LevelDesign.uexp" 1486
"C:/Mi498/MI498_UEProject/Content/Levels/Gray_LevelDesign/Gray_LevelDesign.umap" 1487
"C:/Mi498/MI498_UEProject/Content/Levels/Alexis_LevelDesign/_GENERATED/CubeGridToolOutput_C22219C5.ubulk" 1488
"C:/Mi498/MI498_UEProject/Content/Levels/Alexis_LevelDesign/_GENERATED/CubeGridToolOutput_C22219C5.uasset" 1489
"C:/Mi498/MI498_UEProject/Content/Levels/Alexis_LevelDesign/_GENERATED/CubeGridToolOutput_C22219C5.uexp" 1490
"C:/Mi498/MI498_UEProject/Content/Levels/Alexis_LevelDesign/_GENERATED/alb22/CubeGridToolOutput_28362E7D.ubulk" 1491
"C:/Mi498/MI498_UEProject/Content/Levels/Alexis_LevelDesign/_GENERATED/alb22/CubeGridToolOutput_28362E7D.uasset" 1492
"C:/Mi498/MI498_UEProject/Content/Levels/Alexis_LevelDesign/_GENERATED/alb22/CubeGridToolOutput_28362E7D.uexp" 1493
"C:/Mi498/MI498_UEProject/Content/Levels/Alexis_LevelDesign/Alexis_LevelDesign.uexp" 1494
"C:/Mi498/MI498_UEProject/Content/Levels/Alexis_LevelDesign/Alexis_LevelDesign.umap" 1495
"C:/Mi498/MI498_UEProject/Content/UI/MainMenu.uasset" 1496
"C:/Mi498/MI498_UEProject/Content/UI/MainMenu.uexp" 1497
"C:/Mi498/MI498_UEProject/Content/UI/MenuGameMode.uasset" 1498
"C:/Mi498/MI498_UEProject/Content/UI/MenuGameMode.uexp" 1499
"C:/Mi498/MI498_UEProject/Content/Levels/MainMenuMap.uexp" 1500
"C:/Mi498/MI498_UEProject/Content/Levels/MainMenuMap.umap" 1501
"C:/Mi498/MI498_UEProject/Content/WwiseAudio/Events/Default_Work_Unit/Player/MoveStart.uasset" 1502
"C:/Mi498/MI498_UEProject/Content/WwiseAudio/Events/Default_Work_Unit/Player/MoveStart.uexp" 1503
"C:/Mi498/MI498_UEProject/Content/WwiseAudio/Events/Default_Work_Unit/Player/MoveStop.uasset" 1504
"C:/Mi498/MI498_UEProject/Content/WwiseAudio/Events/Default_Work_Unit/Player/MoveStop.uexp" 1505
"C:/Mi498/MI498_UEProject/Content/WwiseAudio/Events/Default_Work_Unit/Player/PlayerJump.uasset" 1506
"C:/Mi498/MI498_UEProject/Content/WwiseAudio/Events/Default_Work_Unit/Player/PlayerJump.uexp" 1507
"C:/Mi498/MI498_UEProject/Content/WwiseAudio/Events/Default_Work_Unit/Player/PlayerSteps.uasset" 1508
"C:/Mi498/MI498_UEProject/Content/WwiseAudio/Events/Default_Work_Unit/Player/PlayerSteps.uexp" 1509
"C:/Mi498/MI498_UEProject/Content/Player/BP_PlayerCharacterController.uasset" 1510
"C:/Mi498/MI498_UEProject/Content/Player/BP_PlayerCharacterController.uexp" 1511
"C:/Mi498/MI498_UEProject/Content/GameModes/BP_MissionGameMode.uasset" 1512
"C:/Mi498/MI498_UEProject/Content/GameModes/BP_MissionGameMode.uexp" 1513
"C:/Mi498/MI498_UEProject/Content/Art/Models/Interactables/Cannon/cannonBack.ubulk" 1514
"C:/Mi498/MI498_UEProject/Content/Art/Models/Interactables/Cannon/cannonBack.uasset" 1515
"C:/Mi498/MI498_UEProject/Content/Art/Models/Interactables/Cannon/cannonBack.uexp" 1516
"C:/Mi498/MI498_UEProject/Content/Art/Models/Interactables/Cannon/cannonVest.ubulk" 1517
"C:/Mi498/MI498_UEProject/Content/Art/Models/Interactables/Cannon/cannonVest.uasset" 1518
"C:/Mi498/MI498_UEProject/Content/Art/Models/Interactables/Cannon/cannonVest.uexp" 1519
"C:/Mi498/MI498_UEProject/Content/Art/Models/Interactables/Cannon/cannon_barrel.ubulk" 1520
"C:/Mi498/MI498_UEProject/Content/Art/Models/Interactables/Cannon/cannon_barrel.uasset" 1521
"C:/Mi498/MI498_UEProject/Content/Art/Models/Interactables/Cannon/cannon_barrel.uexp" 1522
"C:/Mi498/MI498_UEProject/Content/Art/Models/Interactables/Cannon/fuse_00.ubulk" 1523
"C:/Mi498/MI498_UEProject/Content/Art/Models/Interactables/Cannon/fuse_00.uasset" 1524
"C:/Mi498/MI498_UEProject/Content/Art/Models/Interactables/Cannon/fuse_00.uexp" 1525
"C:/Mi498/MI498_UEProject/Content/Art/Models/Interactables/Cannon/fuse_01.ubulk" 1526
"C:/Mi498/MI498_UEProject/Content/Art/Models/Interactables/Cannon/fuse_01.uasset" 1527
"C:/Mi498/MI498_UEProject/Content/Art/Models/Interactables/Cannon/fuse_01.uexp" 1528
"C:/Mi498/MI498_UEProject/Content/Art/Models/Interactables/Cannon/fuse_02.ubulk" 1529
"C:/Mi498/MI498_UEProject/Content/Art/Models/Interactables/Cannon/fuse_02.uasset" 1530
"C:/Mi498/MI498_UEProject/Content/Art/Models/Interactables/Cannon/fuse_02.uexp" 1531
"C:/Mi498/MI498_UEProject/Content/Art/Models/Interactables/Cannon/fuse_03.ubulk" 1532
"C:/Mi498/MI498_UEProject/Content/Art/Models/Interactables/Cannon/fuse_03.uasset" 1533
"C:/Mi498/MI498_UEProject/Content/Art/Models/Interactables/Cannon/fuse_03.uexp" 1534
"C:/Mi498/MI498_UEProject/Content/Art/Models/Interactables/Cannon/fuse_04.ubulk" 1535
"C:/Mi498/MI498_UEProject/Content/Art/Models/Interactables/Cannon/fuse_04.uasset" 1536
"C:/Mi498/MI498_UEProject/Content/Art/Models/Interactables/Cannon/fuse_04.uexp" 1537
"C:/Mi498/MI498_UEProject/Content/Art/Models/Interactables/Cannon/fuse_05.ubulk" 1538
"C:/Mi498/MI498_UEProject/Content/Art/Models/Interactables/Cannon/fuse_05.uasset" 1539
"C:/Mi498/MI498_UEProject/Content/Art/Models/Interactables/Cannon/fuse_05.uexp" 1540
"C:/Mi498/MI498_UEProject/Content/Art/Models/Interactables/Cannon/fuse_06.ubulk" 1541
"C:/Mi498/MI498_UEProject/Content/Art/Models/Interactables/Cannon/fuse_06.uasset" 1542
"C:/Mi498/MI498_UEProject/Content/Art/Models/Interactables/Cannon/fuse_06.uexp" 1543
"C:/Mi498/MI498_UEProject/Content/Art/Models/Interactables/Cannon/fuse_07.ubulk" 1544
"C:/Mi498/MI498_UEProject/Content/Art/Models/Interactables/Cannon/fuse_07.uasset" 1545
"C:/Mi498/MI498_UEProject/Content/Art/Models/Interactables/Cannon/fuse_07.uexp" 1546
"C:/Mi498/MI498_UEProject/Content/Art/Models/Interactables/Cannon/fuse_08.ubulk" 1547
"C:/Mi498/MI498_UEProject/Content/Art/Models/Interactables/Cannon/fuse_08.uasset" 1548
"C:/Mi498/MI498_UEProject/Content/Art/Models/Interactables/Cannon/fuse_08.uexp" 1549
"C:/Mi498/MI498_UEProject/Content/Art/Models/Interactables/Cannon/gear01.ubulk" 1550
"C:/Mi498/MI498_UEProject/Content/Art/Models/Interactables/Cannon/gear01.uasset" 1551
"C:/Mi498/MI498_UEProject/Content/Art/Models/Interactables/Cannon/gear01.uexp" 1552
"C:/Mi498/MI498_UEProject/Content/Art/Models/Interactables/Cannon/gear01_shaft.ubulk" 1553
"C:/Mi498/MI498_UEProject/Content/Art/Models/Interactables/Cannon/gear01_shaft.uasset" 1554
"C:/Mi498/MI498_UEProject/Content/Art/Models/Interactables/Cannon/gear01_shaft.uexp" 1555
"C:/Mi498/MI498_UEProject/Content/Art/Models/Interactables/Cannon/gear02.ubulk" 1556
"C:/Mi498/MI498_UEProject/Content/Art/Models/Interactables/Cannon/gear02.uasset" 1557
"C:/Mi498/MI498_UEProject/Content/Art/Models/Interactables/Cannon/gear02.uexp" 1558
"C:/Mi498/MI498_UEProject/Content/Art/Models/Interactables/Cannon/gear02_shaft.ubulk" 1559
"C:/Mi498/MI498_UEProject/Content/Art/Models/Interactables/Cannon/gear02_shaft.uasset" 1560
"C:/Mi498/MI498_UEProject/Content/Art/Models/Interactables/Cannon/gear02_shaft.uexp" 1561
"C:/Mi498/MI498_UEProject/Content/Art/Models/Interactables/Cannon/Lbridge.ubulk" 1562
"C:/Mi498/MI498_UEProject/Content/Art/Models/Interactables/Cannon/Lbridge.uasset" 1563
"C:/Mi498/MI498_UEProject/Content/Art/Models/Interactables/Cannon/Lbridge.uexp" 1564
"C:/Mi498/MI498_UEProject/Content/Art/Models/Interactables/Cannon/rotatingStand.ubulk" 1565
"C:/Mi498/MI498_UEProject/Content/Art/Models/Interactables/Cannon/rotatingStand.uasset" 1566
"C:/Mi498/MI498_UEProject/Content/Art/Models/Interactables/Cannon/rotatingStand.uexp" 1567
"C:/Mi498/MI498_UEProject/Content/Art/Models/Interactables/Cannon/stand.ubulk" 1568
"C:/Mi498/MI498_UEProject/Content/Art/Models/Interactables/Cannon/stand.uasset" 1569
"C:/Mi498/MI498_UEProject/Content/Art/Models/Interactables/Cannon/stand.uexp" 1570
"C:/Mi498/MI498_UEProject/Content/WwiseAudio/Events/Default_Work_Unit/Environment/Cannon.uasset" 1571
"C:/Mi498/MI498_UEProject/Content/WwiseAudio/Events/Default_Work_Unit/Environment/Cannon.uexp" 1572
"C:/Mi498/MI498_UEProject/Content/WwiseAudio/Events/Default_Work_Unit/Environment/WindStart.uasset" 1573
"C:/Mi498/MI498_UEProject/Content/WwiseAudio/Events/Default_Work_Unit/Environment/WindStart.uexp" 1574
"C:/Mi498/MI498_UEProject/Content/World/Interactable/Cannon/BP_Cannon.uasset" 1575
"C:/Mi498/MI498_UEProject/Content/World/Interactable/Cannon/BP_Cannon.uexp" 1576
"C:/Mi498/MI498_UEProject/Content/Art/Models/Characters/swingerBlockoutSmooth.ubulk" 1577
"C:/Mi498/MI498_UEProject/Content/Art/Models/Characters/swingerBlockoutSmooth.uasset" 1578
"C:/Mi498/MI498_UEProject/Content/Art/Models/Characters/swingerBlockoutSmooth.uexp" 1579
"C:/Mi498/MI498_UEProject/Content/AI/StateTrees/SwingingEnemy/ST_SwingingEnemy.uasset" 1580
"C:/Mi498/MI498_UEProject/Content/AI/StateTrees/SwingingEnemy/ST_SwingingEnemy.uexp" 1581
"C:/Mi498/MI498_UEProject/Content/Weapons/SwingingEnemy/BP_BombProjectile.uasset" 1582
"C:/Mi498/MI498_UEProject/Content/Weapons/SwingingEnemy/BP_BombProjectile.uexp" 1583
"C:/Mi498/MI498_UEProject/Content/Weapons/SwingingEnemy/BP_BombKnife.uasset" 1584
"C:/Mi498/MI498_UEProject/Content/Weapons/SwingingEnemy/BP_BombKnife.uexp" 1585
"C:/Mi498/MI498_UEProject/Content/Enemies/SwingingEnemy/BP_SwingingEnemy.uasset" 1586
"C:/Mi498/MI498_UEProject/Content/Enemies/SwingingEnemy/BP_SwingingEnemy.uexp" 1587
"C:/Mi498/MI498_UEProject/Content/Levels/Mohammed_LevelDesign/_GENERATED/Mohammed/CubeGridToolOutput_143566BC.ubulk" 1588
"C:/Mi498/MI498_UEProject/Content/Levels/Mohammed_LevelDesign/_GENERATED/Mohammed/CubeGridToolOutput_143566BC.uasset" 1589
"C:/Mi498/MI498_UEProject/Content/Levels/Mohammed_LevelDesign/_GENERATED/Mohammed/CubeGridToolOutput_143566BC.uexp" 1590
"C:/Mi498/MI498_UEProject/Content/Levels/Mohammed_LevelDesign/_GENERATED/Mohammed/CubeGridToolOutput_2D8789FD.ubulk" 1591
"C:/Mi498/MI498_UEProject/Content/Levels/Mohammed_LevelDesign/_GENERATED/Mohammed/CubeGridToolOutput_2D8789FD.uasset" 1592
"C:/Mi498/MI498_UEProject/Content/Levels/Mohammed_LevelDesign/_GENERATED/Mohammed/CubeGridToolOutput_2D8789FD.uexp" 1593
"C:/Mi498/MI498_UEProject/Content/Levels/Mohammed_LevelDesign/_GENERATED/Mohammed/CubeGridToolOutput_43DC2AA1.ubulk" 1594
"C:/Mi498/MI498_UEProject/Content/Levels/Mohammed_LevelDesign/_GENERATED/Mohammed/CubeGridToolOutput_43DC2AA1.uasset" 1595
"C:/Mi498/MI498_UEProject/Content/Levels/Mohammed_LevelDesign/_GENERATED/Mohammed/CubeGridToolOutput_43DC2AA1.uexp" 1596
"C:/Mi498/MI498_UEProject/Content/Levels/Mohammed_LevelDesign/_GENERATED/Mohammed/CubeGridToolOutput_804B46C0.ubulk" 1597
"C:/Mi498/MI498_UEProject/Content/Levels/Mohammed_LevelDesign/_GENERATED/Mohammed/CubeGridToolOutput_804B46C0.uasset" 1598
"C:/Mi498/MI498_UEProject/Content/Levels/Mohammed_LevelDesign/_GENERATED/Mohammed/CubeGridToolOutput_804B46C0.uexp" 1599
"C:/Mi498/MI498_UEProject/Content/Levels/Mohammed_LevelDesign/_GENERATED/Mohammed/CubeGridToolOutput_AC952A4E.ubulk" 1600
"C:/Mi498/MI498_UEProject/Content/Levels/Mohammed_LevelDesign/_GENERATED/Mohammed/CubeGridToolOutput_AC952A4E.uasset" 1601
"C:/Mi498/MI498_UEProject/Content/Levels/Mohammed_LevelDesign/_GENERATED/Mohammed/CubeGridToolOutput_AC952A4E.uexp" 1602
"C:/Mi498/MI498_UEProject/Content/Levels/Mohammed_LevelDesign/_GENERATED/Mohammed/CubeGridToolOutput_E6776D20.ubulk" 1603
"C:/Mi498/MI498_UEProject/Content/Levels/Mohammed_LevelDesign/_GENERATED/Mohammed/CubeGridToolOutput_E6776D20.uasset" 1604
"C:/Mi498/MI498_UEProject/Content/Levels/Mohammed_LevelDesign/_GENERATED/Mohammed/CubeGridToolOutput_E6776D20.uexp" 1605
"C:/Mi498/MI498_UEProject/Content/Levels/Mohammed_LevelDesign/_GENERATED/Mohammed/CubeGridToolOutput_E7867A1C.ubulk" 1606
"C:/Mi498/MI498_UEProject/Content/Levels/Mohammed_LevelDesign/_GENERATED/Mohammed/CubeGridToolOutput_E7867A1C.uasset" 1607
"C:/Mi498/MI498_UEProject/Content/Levels/Mohammed_LevelDesign/_GENERATED/Mohammed/CubeGridToolOutput_E7867A1C.uexp" 1608
"C:/Mi498/MI498_UEProject/Content/Levels/Mohammed_LevelDesign/Mohammed_LevelDesign.uexp" 1609
"C:/Mi498/MI498_UEProject/Content/Levels/Mohammed_LevelDesign/Mohammed_LevelDesign.umap" 1610
"C:/Mi498/MI498_UEProject/Content/Technical/TechnicalMaterials/TechMat_CannonAimLine/M_CannonAimLine.uasset" 1611
"C:/Mi498/MI498_UEProject/Content/Technical/TechnicalMaterials/TechMat_CannonAimLine/M_CannonAimLine.uexp" 1612
"C:/Mi498/MI498_UEProject/Content/VFX/CannonAimTrajectory/CannonAimTrajectory_Cylinder.ubulk" 1613
"C:/Mi498/MI498_UEProject/Content/VFX/CannonAimTrajectory/CannonAimTrajectory_Cylinder.uasset" 1614
"C:/Mi498/MI498_UEProject/Content/VFX/CannonAimTrajectory/CannonAimTrajectory_Cylinder.uexp" 1615
"C:/Mi498/MI498_UEProject/Content/Technical/TechnicalMaterials/TechMat_CannonAimLine/M_CannonAimLine_Inst.uasset" 1616
"C:/Mi498/MI498_UEProject/Content/Technical/TechnicalMaterials/TechMat_CannonAimLine/M_CannonAimLine_Inst.uexp" 1617
"../../../Engine/Content/Functions/Engine_MaterialFunctions01/Density/ExponentialDensity.uasset" 1618
"../../../Engine/Content/Functions/Engine_MaterialFunctions01/Density/ExponentialDensity.uexp" 1619
"../../../Engine/Content/Functions/Engine_MaterialFunctions01/Gradient/RadialGradientExponential.uasset" 1620
"../../../Engine/Content/Functions/Engine_MaterialFunctions01/Gradient/RadialGradientExponential.uexp" 1621
"C:/Mi498/MI498_UEProject/Content/VFX/M5VFXVOL2/Materials/Master/0_DotCircle_Mat.uasset" 1622
"C:/Mi498/MI498_UEProject/Content/VFX/M5VFXVOL2/Materials/Master/0_DotCircle_Mat.uexp" 1623
"C:/Mi498/MI498_UEProject/Content/VFX/M5VFXVOL2/Materials/Etc/0_DotCircle_Mat_Inst.uasset" 1624
"C:/Mi498/MI498_UEProject/Content/VFX/M5VFXVOL2/Materials/Etc/0_DotCircle_Mat_Inst.uexp" 1625
"../../../Engine/Content/Functions/Engine_MaterialFunctions02/SmoothStep.uasset" 1626
"../../../Engine/Content/Functions/Engine_MaterialFunctions02/SmoothStep.uexp" 1627
"C:/Mi498/MI498_UEProject/Content/VFX/M5VFXVOL2/Textures/smoke/0_6_smoke_re_vg.ubulk" 1628
"C:/Mi498/MI498_UEProject/Content/VFX/M5VFXVOL2/Textures/smoke/0_6_smoke_re_vg.uasset" 1629
"C:/Mi498/MI498_UEProject/Content/VFX/M5VFXVOL2/Textures/smoke/0_6_smoke_re_vg.uexp" 1630
"C:/Mi498/MI498_UEProject/Content/VFX/M5VFXVOL2/Materials/Master/blackbody_exp_Mat.uasset" 1631
"C:/Mi498/MI498_UEProject/Content/VFX/M5VFXVOL2/Materials/Master/blackbody_exp_Mat.uexp" 1632
"C:/Mi498/MI498_UEProject/Content/VFX/M5VFXVOL2/Materials/Explosion/blackbody_exp_Mat_Inst.uasset" 1633
"C:/Mi498/MI498_UEProject/Content/VFX/M5VFXVOL2/Materials/Explosion/blackbody_exp_Mat_Inst.uexp" 1634
"C:/Mi498/MI498_UEProject/Content/VFX/M5VFXVOL2/Textures/Fire/blowingFire_fwd2.ubulk" 1635
"C:/Mi498/MI498_UEProject/Content/VFX/M5VFXVOL2/Textures/Fire/blowingFire_fwd2.uasset" 1636
"C:/Mi498/MI498_UEProject/Content/VFX/M5VFXVOL2/Textures/Fire/blowingFire_fwd2.uexp" 1637
"C:/Mi498/MI498_UEProject/Content/VFX/M5VFXVOL2/Materials/Explosion/blackbody_exp_Mat_Inst2.uasset" 1638
"C:/Mi498/MI498_UEProject/Content/VFX/M5VFXVOL2/Materials/Explosion/blackbody_exp_Mat_Inst2.uexp" 1639
"C:/Mi498/MI498_UEProject/Content/VFX/M5VFXVOL2/Textures/Fire/blowingFire_fwd.ubulk" 1640
"C:/Mi498/MI498_UEProject/Content/VFX/M5VFXVOL2/Textures/Fire/blowingFire_fwd.uasset" 1641
"C:/Mi498/MI498_UEProject/Content/VFX/M5VFXVOL2/Textures/Fire/blowingFire_fwd.uexp" 1642
"C:/Mi498/MI498_UEProject/Content/VFX/M5VFXVOL2/Materials/Explosion/blackbody_exp_Mat_Inst3.uasset" 1643
"C:/Mi498/MI498_UEProject/Content/VFX/M5VFXVOL2/Materials/Explosion/blackbody_exp_Mat_Inst3.uexp" 1644
"C:/Mi498/MI498_UEProject/Content/VFX/M5VFXVOL2/Niagara/Explosion/NFire_Exp_01.uasset" 1645
"C:/Mi498/MI498_UEProject/Content/VFX/M5VFXVOL2/Niagara/Explosion/NFire_Exp_01.uexp" 1646
"C:/Mi498/MI498_UEProject/Content/VFX/M5VFXVOL2/Textures/Flow/Flame.ubulk" 1647
"C:/Mi498/MI498_UEProject/Content/VFX/M5VFXVOL2/Textures/Flow/Flame.uasset" 1648
"C:/Mi498/MI498_UEProject/Content/VFX/M5VFXVOL2/Textures/Flow/Flame.uexp" 1649
"C:/Mi498/MI498_UEProject/Content/VFX/M5VFXVOL2/Materials/Master/Basic_Emi_Mat.uasset" 1650
"C:/Mi498/MI498_UEProject/Content/VFX/M5VFXVOL2/Materials/Master/Basic_Emi_Mat.uexp" 1651
"C:/Mi498/MI498_UEProject/Content/VFX/M5VFXVOL2/Materials/Etc/Flame_Inst.uasset" 1652
"C:/Mi498/MI498_UEProject/Content/VFX/M5VFXVOL2/Materials/Etc/Flame_Inst.uexp" 1653
"C:/Mi498/MI498_UEProject/Content/VFX/M5VFXVOL2/Textures/CandleFire/CandleFire_D.ubulk" 1654
"C:/Mi498/MI498_UEProject/Content/VFX/M5VFXVOL2/Textures/CandleFire/CandleFire_D.uasset" 1655
"C:/Mi498/MI498_UEProject/Content/VFX/M5VFXVOL2/Textures/CandleFire/CandleFire_D.uexp" 1656
"C:/Mi498/MI498_UEProject/Content/VFX/M5VFXVOL2/Materials/Master/Sequence_Mat.uasset" 1657
"C:/Mi498/MI498_UEProject/Content/VFX/M5VFXVOL2/Materials/Master/Sequence_Mat.uexp" 1658
"C:/Mi498/MI498_UEProject/Content/VFX/M5VFXVOL2/Textures/Torch/Torchfire_D.ubulk" 1659
"C:/Mi498/MI498_UEProject/Content/VFX/M5VFXVOL2/Textures/Torch/Torchfire_D.uasset" 1660
"C:/Mi498/MI498_UEProject/Content/VFX/M5VFXVOL2/Textures/Torch/Torchfire_D.uexp" 1661
"C:/Mi498/MI498_UEProject/Content/VFX/M5VFXVOL2/Materials/Torch_inst/TorcheFire_D_Inst.uasset" 1662
"C:/Mi498/MI498_UEProject/Content/VFX/M5VFXVOL2/Materials/Torch_inst/TorcheFire_D_Inst.uexp" 1663
"C:/Mi498/MI498_UEProject/Content/VFX/M5VFXVOL2/Textures/Torch/Torchfire_fwd2_D.ubulk" 1664
"C:/Mi498/MI498_UEProject/Content/VFX/M5VFXVOL2/Textures/Torch/Torchfire_fwd2_D.uasset" 1665
"C:/Mi498/MI498_UEProject/Content/VFX/M5VFXVOL2/Textures/Torch/Torchfire_fwd2_D.uexp" 1666
"C:/Mi498/MI498_UEProject/Content/VFX/M5VFXVOL2/Materials/Torch_inst/TorcheFire_fwd2_D_Inst.uasset" 1667
"C:/Mi498/MI498_UEProject/Content/VFX/M5VFXVOL2/Materials/Torch_inst/TorcheFire_fwd2_D_Inst.uexp" 1668
"C:/Mi498/MI498_UEProject/Content/VFX/M5VFXVOL2/Textures/Torch/Torchfire_fwd3_D.ubulk" 1669
"C:/Mi498/MI498_UEProject/Content/VFX/M5VFXVOL2/Textures/Torch/Torchfire_fwd3_D.uasset" 1670
"C:/Mi498/MI498_UEProject/Content/VFX/M5VFXVOL2/Textures/Torch/Torchfire_fwd3_D.uexp" 1671
"C:/Mi498/MI498_UEProject/Content/VFX/M5VFXVOL2/Materials/Torch_inst/TorcheFire_fwd3_D_Inst.uasset" 1672
"C:/Mi498/MI498_UEProject/Content/VFX/M5VFXVOL2/Materials/Torch_inst/TorcheFire_fwd3_D_Inst.uexp" 1673
"C:/Mi498/MI498_UEProject/Content/VFX/M5VFXVOL2/Textures/Torch/Torchfire_fwd_D.ubulk" 1674
"C:/Mi498/MI498_UEProject/Content/VFX/M5VFXVOL2/Textures/Torch/Torchfire_fwd_D.uasset" 1675
"C:/Mi498/MI498_UEProject/Content/VFX/M5VFXVOL2/Textures/Torch/Torchfire_fwd_D.uexp" 1676
"C:/Mi498/MI498_UEProject/Content/VFX/M5VFXVOL2/Materials/Torch_inst/TorcheFire_fwd_D_Inst.uasset" 1677
"C:/Mi498/MI498_UEProject/Content/VFX/M5VFXVOL2/Materials/Torch_inst/TorcheFire_fwd_D_Inst.uexp" 1678
"C:/Mi498/MI498_UEProject/Content/VFX/M5VFXVOL2/Niagara/Reference/Torch/1_NTorchFire_pt.uasset" 1679
"C:/Mi498/MI498_UEProject/Content/VFX/M5VFXVOL2/Niagara/Reference/Torch/1_NTorchFire_pt.uexp" 1680
"C:/Mi498/MI498_UEProject/Content/World/Interactable/Cannon/BP_CannonAimable.uasset" 1681
"C:/Mi498/MI498_UEProject/Content/World/Interactable/Cannon/BP_CannonAimable.uexp" 1682
"C:/Mi498/MI498_UEProject/Content/World/Interactable/Cannon/BP_ExitCannon.uasset" 1683
"C:/Mi498/MI498_UEProject/Content/World/Interactable/Cannon/BP_ExitCannon.uexp" 1684
"C:/Mi498/MI498_UEProject/Content/Art/Models/Environment/Lower_Sails.ubulk" 1685
"C:/Mi498/MI498_UEProject/Content/Art/Models/Environment/Lower_Sails.uasset" 1686
"C:/Mi498/MI498_UEProject/Content/Art/Models/Environment/Lower_Sails.uexp" 1687
"C:/Mi498/MI498_UEProject/Content/Art/Models/Environment/Shorter_Mast.ubulk" 1688
"C:/Mi498/MI498_UEProject/Content/Art/Models/Environment/Shorter_Mast.uasset" 1689
"C:/Mi498/MI498_UEProject/Content/Art/Models/Environment/Shorter_Mast.uexp" 1690
"C:/Mi498/MI498_UEProject/Content/Art/Models/Environment/Taller_Mast.ubulk" 1691
"C:/Mi498/MI498_UEProject/Content/Art/Models/Environment/Taller_Mast.uasset" 1692
"C:/Mi498/MI498_UEProject/Content/Art/Models/Environment/Taller_Mast.uexp" 1693
"C:/Mi498/MI498_UEProject/Content/Art/Models/Environment/Upper_Sails.ubulk" 1694
"C:/Mi498/MI498_UEProject/Content/Art/Models/Environment/Upper_Sails.uasset" 1695
"C:/Mi498/MI498_UEProject/Content/Art/Models/Environment/Upper_Sails.uexp" 1696
"C:/Mi498/MI498_UEProject/Content/Technical/Curves/Fcurve_Exp_In.uasset" 1697
"C:/Mi498/MI498_UEProject/Content/Technical/Curves/Fcurve_Exp_In.uexp" 1698
"C:/Mi498/MI498_UEProject/Content/World/Lamps/BP_Lamp_General.uasset" 1699
"C:/Mi498/MI498_UEProject/Content/World/Lamps/BP_Lamp_General.uexp" 1700
"C:/Mi498/MI498_UEProject/Content/Art/Models/Environment/Floor.ubulk" 1701
"C:/Mi498/MI498_UEProject/Content/Art/Models/Environment/Floor.uasset" 1702
"C:/Mi498/MI498_UEProject/Content/Art/Models/Environment/Floor.uexp" 1703
"C:/Mi498/MI498_UEProject/Content/World/Decorative/SteeringWheel/BP_SteeringWheel.uasset" 1704
"C:/Mi498/MI498_UEProject/Content/World/Decorative/SteeringWheel/BP_SteeringWheel.uexp" 1705
"C:/Mi498/MI498_UEProject/Content/Art/Models/Environment/Wall_Piece.ubulk" 1706
"C:/Mi498/MI498_UEProject/Content/Art/Models/Environment/Wall_Piece.uasset" 1707
"C:/Mi498/MI498_UEProject/Content/Art/Models/Environment/Wall_Piece.uexp" 1708
"C:/Mi498/MI498_UEProject/Content/World/Decorative/Wall/BP_Wall_4x4.uasset" 1709
"C:/Mi498/MI498_UEProject/Content/World/Decorative/Wall/BP_Wall_4x4.uexp" 1710
"C:/Mi498/MI498_UEProject/Content/Art/Models/Interactables/Lever/leverBase.ubulk" 1711
"C:/Mi498/MI498_UEProject/Content/Art/Models/Interactables/Lever/leverBase.uasset" 1712
"C:/Mi498/MI498_UEProject/Content/Art/Models/Interactables/Lever/leverBase.uexp" 1713
"C:/Mi498/MI498_UEProject/Content/Art/Models/Interactables/Lever/leverGear.ubulk" 1714
"C:/Mi498/MI498_UEProject/Content/Art/Models/Interactables/Lever/leverGear.uasset" 1715
"C:/Mi498/MI498_UEProject/Content/Art/Models/Interactables/Lever/leverGear.uexp" 1716
"C:/Mi498/MI498_UEProject/Content/Art/Models/Interactables/Lever/leverMetalRings.ubulk" 1717
"C:/Mi498/MI498_UEProject/Content/Art/Models/Interactables/Lever/leverMetalRings.uasset" 1718
"C:/Mi498/MI498_UEProject/Content/Art/Models/Interactables/Lever/leverMetalRings.uexp" 1719
"C:/Mi498/MI498_UEProject/Content/Art/Models/Interactables/Lever/leverScrews.ubulk" 1720
"C:/Mi498/MI498_UEProject/Content/Art/Models/Interactables/Lever/leverScrews.uasset" 1721
"C:/Mi498/MI498_UEProject/Content/Art/Models/Interactables/Lever/leverScrews.uexp" 1722
"C:/Mi498/MI498_UEProject/Content/Art/Models/Interactables/Lever/leverWood.ubulk" 1723
"C:/Mi498/MI498_UEProject/Content/Art/Models/Interactables/Lever/leverWood.uasset" 1724
"C:/Mi498/MI498_UEProject/Content/Art/Models/Interactables/Lever/leverWood.uexp" 1725
"C:/Mi498/MI498_UEProject/Content/World/Interactable/Lever/BP_Lever.uasset" 1726
"C:/Mi498/MI498_UEProject/Content/World/Interactable/Lever/BP_Lever.uexp" 1727
"C:/Mi498/MI498_UEProject/Content/World/Mechanics/MovingPlatform/BP_MovingPlatform.uasset" 1728
"C:/Mi498/MI498_UEProject/Content/World/Mechanics/MovingPlatform/BP_MovingPlatform.uexp" 1729
"C:/Mi498/MI498_UEProject/Content/Levels/New_Level_01/_GENERATED/dylan/CubeGridToolOutput_1EE9BD79.ubulk" 1730
"C:/Mi498/MI498_UEProject/Content/Levels/New_Level_01/_GENERATED/dylan/CubeGridToolOutput_1EE9BD79.uasset" 1731
"C:/Mi498/MI498_UEProject/Content/Levels/New_Level_01/_GENERATED/dylan/CubeGridToolOutput_1EE9BD79.uexp" 1732
"C:/Mi498/MI498_UEProject/Content/Levels/New_Level_01/_GENERATED/dylan/CubeGridToolOutput_9FDE8AF7.ubulk" 1733
"C:/Mi498/MI498_UEProject/Content/Levels/New_Level_01/_GENERATED/dylan/CubeGridToolOutput_9FDE8AF7.uasset" 1734
"C:/Mi498/MI498_UEProject/Content/Levels/New_Level_01/_GENERATED/dylan/CubeGridToolOutput_9FDE8AF7.uexp" 1735
"C:/Mi498/MI498_UEProject/Content/Levels/New_Level_01/_GENERATED/dylan/CubeGridToolOutput_9FDE8AF8.ubulk" 1736
"C:/Mi498/MI498_UEProject/Content/Levels/New_Level_01/_GENERATED/dylan/CubeGridToolOutput_9FDE8AF8.uasset" 1737
"C:/Mi498/MI498_UEProject/Content/Levels/New_Level_01/_GENERATED/dylan/CubeGridToolOutput_9FDE8AF8.uexp" 1738
"C:/Mi498/MI498_UEProject/Content/Levels/New_Level_01/_GENERATED/dylan/CubeGridToolOutput_9FDE8AF9.ubulk" 1739
"C:/Mi498/MI498_UEProject/Content/Levels/New_Level_01/_GENERATED/dylan/CubeGridToolOutput_9FDE8AF9.uasset" 1740
"C:/Mi498/MI498_UEProject/Content/Levels/New_Level_01/_GENERATED/dylan/CubeGridToolOutput_9FDE8AF9.uexp" 1741
"C:/Mi498/MI498_UEProject/Content/Levels/New_Level_01/Lvl_New_01.uexp" 1742
"C:/Mi498/MI498_UEProject/Content/Levels/New_Level_01/Lvl_New_01.umap" 1743
"C:/Mi498/MI498_UEProject/Content/Levels/Tristan_LevelDesign/_GENERATED/trist/CubeGridToolOutput_774D6C6F.ubulk" 1744
"C:/Mi498/MI498_UEProject/Content/Levels/Tristan_LevelDesign/_GENERATED/trist/CubeGridToolOutput_774D6C6F.uasset" 1745
"C:/Mi498/MI498_UEProject/Content/Levels/Tristan_LevelDesign/_GENERATED/trist/CubeGridToolOutput_774D6C6F.uexp" 1746
"C:/Mi498/MI498_UEProject/Content/Levels/Tristan_LevelDesign/_GENERATED/trist/CubeGridToolOutput_95D7194E.ubulk" 1747
"C:/Mi498/MI498_UEProject/Content/Levels/Tristan_LevelDesign/_GENERATED/trist/CubeGridToolOutput_95D7194E.uasset" 1748
"C:/Mi498/MI498_UEProject/Content/Levels/Tristan_LevelDesign/_GENERATED/trist/CubeGridToolOutput_95D7194E.uexp" 1749
"C:/Mi498/MI498_UEProject/Content/Levels/Tristan_LevelDesign/Tristan_LevelDesign.uexp" 1750
"C:/Mi498/MI498_UEProject/Content/Levels/Tristan_LevelDesign/Tristan_LevelDesign.umap" 1751
"C:/Mi498/MI498_UEProject/Content/Levels/Zoie_LevelDesign/Zoie_LevelDesign.uexp" 1752
"C:/Mi498/MI498_UEProject/Content/Levels/Zoie_LevelDesign/Zoie_LevelDesign.umap" 1753
"../../../Engine/Content/Maps/Templates/OpenWorld/_Generated_/062VPHY2A664O1BFN6K10ZTFC.uexp" 1754
"../../../Engine/Content/Maps/Templates/OpenWorld/_Generated_/062VPHY2A664O1BFN6K10ZTFC.ubulk" 1755
"../../../Engine/Content/Maps/Templates/OpenWorld/_Generated_/062VPHY2A664O1BFN6K10ZTFC.umap" 1756
"../../../Engine/Content/Maps/Templates/OpenWorld/_Generated_/3VF47RGRS9W4BJX2S86EFTVJD.uexp" 1757
"../../../Engine/Content/Maps/Templates/OpenWorld/_Generated_/3VF47RGRS9W4BJX2S86EFTVJD.ubulk" 1758
"../../../Engine/Content/Maps/Templates/OpenWorld/_Generated_/3VF47RGRS9W4BJX2S86EFTVJD.umap" 1759
"../../../Engine/Content/Maps/Templates/OpenWorld/_Generated_/A7UZ852D2ZZOKJMRIHDRWHDZ8.uexp" 1760
"../../../Engine/Content/Maps/Templates/OpenWorld/_Generated_/A7UZ852D2ZZOKJMRIHDRWHDZ8.ubulk" 1761
"../../../Engine/Content/Maps/Templates/OpenWorld/_Generated_/A7UZ852D2ZZOKJMRIHDRWHDZ8.umap" 1762
"../../../Engine/Content/Maps/Templates/OpenWorld/_Generated_/560Q2YQDUSHN6VRUZ0LHOWU97.uexp" 1763
"../../../Engine/Content/Maps/Templates/OpenWorld/_Generated_/560Q2YQDUSHN6VRUZ0LHOWU97.ubulk" 1764
"../../../Engine/Content/Maps/Templates/OpenWorld/_Generated_/560Q2YQDUSHN6VRUZ0LHOWU97.umap" 1765
"../../../Engine/Content/Maps/Templates/OpenWorld/_Generated_/90YKWZXGBC5Q8M7RFK49P371F.uexp" 1766
"../../../Engine/Content/Maps/Templates/OpenWorld/_Generated_/90YKWZXGBC5Q8M7RFK49P371F.ubulk" 1767
"../../../Engine/Content/Maps/Templates/OpenWorld/_Generated_/90YKWZXGBC5Q8M7RFK49P371F.umap" 1768
"../../../Engine/Content/Maps/Templates/OpenWorld/_Generated_/7IZRC9ECG7XKK61Q37LY67KCB.uexp" 1769
"../../../Engine/Content/Maps/Templates/OpenWorld/_Generated_/7IZRC9ECG7XKK61Q37LY67KCB.ubulk" 1770
"../../../Engine/Content/Maps/Templates/OpenWorld/_Generated_/7IZRC9ECG7XKK61Q37LY67KCB.umap" 1771
"../../../Engine/Content/Maps/Templates/OpenWorld/_Generated_/EYFK9JZPSX06MOH3LNAI7SW92.uexp" 1772
"../../../Engine/Content/Maps/Templates/OpenWorld/_Generated_/EYFK9JZPSX06MOH3LNAI7SW92.ubulk" 1773
"../../../Engine/Content/Maps/Templates/OpenWorld/_Generated_/EYFK9JZPSX06MOH3LNAI7SW92.umap" 1774
"../../../Engine/Content/Maps/Templates/OpenWorld/_Generated_/D528WYH177JBF1MVERKEF59XI.uexp" 1775
"../../../Engine/Content/Maps/Templates/OpenWorld/_Generated_/D528WYH177JBF1MVERKEF59XI.ubulk" 1776
"../../../Engine/Content/Maps/Templates/OpenWorld/_Generated_/D528WYH177JBF1MVERKEF59XI.umap" 1777
"../../../Engine/Content/Maps/Templates/OpenWorld/_Generated_/0FBSY5KVOXKO2F95PG60Y9LQ1.uexp" 1778
"../../../Engine/Content/Maps/Templates/OpenWorld/_Generated_/0FBSY5KVOXKO2F95PG60Y9LQ1.ubulk" 1779
"../../../Engine/Content/Maps/Templates/OpenWorld/_Generated_/0FBSY5KVOXKO2F95PG60Y9LQ1.umap" 1780
"../../../Engine/Content/Maps/Templates/OpenWorld/_Generated_/9DWYO4CR8ZRKRYVNPHDVJTYH4.uexp" 1781
"../../../Engine/Content/Maps/Templates/OpenWorld/_Generated_/9DWYO4CR8ZRKRYVNPHDVJTYH4.ubulk" 1782
"../../../Engine/Content/Maps/Templates/OpenWorld/_Generated_/9DWYO4CR8ZRKRYVNPHDVJTYH4.umap" 1783
"../../../Engine/Content/Maps/Templates/OpenWorld/_Generated_/91C65FSOVE5PX3RH3ZE5R7AWP.uexp" 1784
"../../../Engine/Content/Maps/Templates/OpenWorld/_Generated_/91C65FSOVE5PX3RH3ZE5R7AWP.ubulk" 1785
"../../../Engine/Content/Maps/Templates/OpenWorld/_Generated_/91C65FSOVE5PX3RH3ZE5R7AWP.umap" 1786
"../../../Engine/Content/Maps/Templates/OpenWorld/_Generated_/CGX8O6ITCT8PB63Y6Q4CTFLKF.uexp" 1787
"../../../Engine/Content/Maps/Templates/OpenWorld/_Generated_/CGX8O6ITCT8PB63Y6Q4CTFLKF.ubulk" 1788
"../../../Engine/Content/Maps/Templates/OpenWorld/_Generated_/CGX8O6ITCT8PB63Y6Q4CTFLKF.umap" 1789
"../../../Engine/Content/Maps/Templates/OpenWorld/_Generated_/4VMFP9X0E1WZQ30W8JQB6M1YL.uexp" 1790
"../../../Engine/Content/Maps/Templates/OpenWorld/_Generated_/4VMFP9X0E1WZQ30W8JQB6M1YL.ubulk" 1791
"../../../Engine/Content/Maps/Templates/OpenWorld/_Generated_/4VMFP9X0E1WZQ30W8JQB6M1YL.umap" 1792
"../../../Engine/Content/Maps/Templates/OpenWorld/_Generated_/B11KFXDGHHWI998I49YF8OSCV.uexp" 1793
"../../../Engine/Content/Maps/Templates/OpenWorld/_Generated_/B11KFXDGHHWI998I49YF8OSCV.ubulk" 1794
"../../../Engine/Content/Maps/Templates/OpenWorld/_Generated_/B11KFXDGHHWI998I49YF8OSCV.umap" 1795
"../../../Engine/Content/Maps/Templates/OpenWorld/_Generated_/2EXPORCQWFXA0VGPUZFFEH42V.uexp" 1796
"../../../Engine/Content/Maps/Templates/OpenWorld/_Generated_/2EXPORCQWFXA0VGPUZFFEH42V.ubulk" 1797
"../../../Engine/Content/Maps/Templates/OpenWorld/_Generated_/2EXPORCQWFXA0VGPUZFFEH42V.umap" 1798
"../../../Engine/Content/Maps/Templates/OpenWorld/_Generated_/CMII0KWF4DK79CQ7FNE3VYZ0Y.uexp" 1799
"../../../Engine/Content/Maps/Templates/OpenWorld/_Generated_/CMII0KWF4DK79CQ7FNE3VYZ0Y.ubulk" 1800
"../../../Engine/Content/Maps/Templates/OpenWorld/_Generated_/CMII0KWF4DK79CQ7FNE3VYZ0Y.umap" 1801
"../../../Engine/Content/Maps/Templates/OpenWorld/_Generated_/7QAN0CUPH7L6XIAXVC415BO3H.uexp" 1802
"../../../Engine/Content/Maps/Templates/OpenWorld/_Generated_/7QAN0CUPH7L6XIAXVC415BO3H.ubulk" 1803
"../../../Engine/Content/Maps/Templates/OpenWorld/_Generated_/7QAN0CUPH7L6XIAXVC415BO3H.umap" 1804
"../../../Engine/Content/Maps/Templates/OpenWorld/_Generated_/0ULS9JG1EER47G9XYQAP7GS53.uexp" 1805
"../../../Engine/Content/Maps/Templates/OpenWorld/_Generated_/0ULS9JG1EER47G9XYQAP7GS53.ubulk" 1806
"../../../Engine/Content/Maps/Templates/OpenWorld/_Generated_/0ULS9JG1EER47G9XYQAP7GS53.umap" 1807
"../../../Engine/Content/Maps/Templates/OpenWorld/_Generated_/2KZONTR6XMIOC1XIKLEAIDFGK.uexp" 1808
"../../../Engine/Content/Maps/Templates/OpenWorld/_Generated_/2KZONTR6XMIOC1XIKLEAIDFGK.ubulk" 1809
"../../../Engine/Content/Maps/Templates/OpenWorld/_Generated_/2KZONTR6XMIOC1XIKLEAIDFGK.umap" 1810
"../../../Engine/Content/Maps/Templates/OpenWorld/_Generated_/4ZN1OJP2B964Q0681LMOH9CAD.uexp" 1811
"../../../Engine/Content/Maps/Templates/OpenWorld/_Generated_/4ZN1OJP2B964Q0681LMOH9CAD.ubulk" 1812
"../../../Engine/Content/Maps/Templates/OpenWorld/_Generated_/4ZN1OJP2B964Q0681LMOH9CAD.umap" 1813
"../../../Engine/Content/Maps/Templates/OpenWorld/_Generated_/A162FR22SPAI1JX798GP4T1ZY.uexp" 1814
"../../../Engine/Content/Maps/Templates/OpenWorld/_Generated_/A162FR22SPAI1JX798GP4T1ZY.ubulk" 1815
"../../../Engine/Content/Maps/Templates/OpenWorld/_Generated_/A162FR22SPAI1JX798GP4T1ZY.umap" 1816
"../../../Engine/Content/Maps/Templates/OpenWorld/_Generated_/0DKNXQ64G0741WMB1HG25AYNU.uexp" 1817
"../../../Engine/Content/Maps/Templates/OpenWorld/_Generated_/0DKNXQ64G0741WMB1HG25AYNU.ubulk" 1818
"../../../Engine/Content/Maps/Templates/OpenWorld/_Generated_/0DKNXQ64G0741WMB1HG25AYNU.umap" 1819
"../../../Engine/Content/Maps/Templates/OpenWorld/_Generated_/8HTVHG4ZV10ESALAMDOXITR27.uexp" 1820
"../../../Engine/Content/Maps/Templates/OpenWorld/_Generated_/8HTVHG4ZV10ESALAMDOXITR27.ubulk" 1821
"../../../Engine/Content/Maps/Templates/OpenWorld/_Generated_/8HTVHG4ZV10ESALAMDOXITR27.umap" 1822
"../../../Engine/Content/Maps/Templates/OpenWorld/_Generated_/1XRO772MR72DR4NTZXXPNQLCL.uexp" 1823
"../../../Engine/Content/Maps/Templates/OpenWorld/_Generated_/1XRO772MR72DR4NTZXXPNQLCL.ubulk" 1824
"../../../Engine/Content/Maps/Templates/OpenWorld/_Generated_/1XRO772MR72DR4NTZXXPNQLCL.umap" 1825
"../../../Engine/Content/Maps/Templates/OpenWorld/_Generated_/1KA8PENA07S1TLPYUQT1ADWJW.uexp" 1826
"../../../Engine/Content/Maps/Templates/OpenWorld/_Generated_/1KA8PENA07S1TLPYUQT1ADWJW.ubulk" 1827
"../../../Engine/Content/Maps/Templates/OpenWorld/_Generated_/1KA8PENA07S1TLPYUQT1ADWJW.umap" 1828
"../../../Engine/Content/Maps/Templates/OpenWorld/_Generated_/EJQVVAI5ME30NB6FGJ49AXY9F.uexp" 1829
"../../../Engine/Content/Maps/Templates/OpenWorld/_Generated_/EJQVVAI5ME30NB6FGJ49AXY9F.ubulk" 1830
"../../../Engine/Content/Maps/Templates/OpenWorld/_Generated_/EJQVVAI5ME30NB6FGJ49AXY9F.umap" 1831
"../../../Engine/Content/Maps/Templates/OpenWorld/_Generated_/EUV70YALLEKX8DTKFHA9JZCNR.uexp" 1832
"../../../Engine/Content/Maps/Templates/OpenWorld/_Generated_/EUV70YALLEKX8DTKFHA9JZCNR.ubulk" 1833
"../../../Engine/Content/Maps/Templates/OpenWorld/_Generated_/EUV70YALLEKX8DTKFHA9JZCNR.umap" 1834
"../../../Engine/Content/Maps/Templates/OpenWorld/_Generated_/7E8MPC3Z1ENYFQOFU0TO8H1O3.uexp" 1835
"../../../Engine/Content/Maps/Templates/OpenWorld/_Generated_/7E8MPC3Z1ENYFQOFU0TO8H1O3.ubulk" 1836
"../../../Engine/Content/Maps/Templates/OpenWorld/_Generated_/7E8MPC3Z1ENYFQOFU0TO8H1O3.umap" 1837
"../../../Engine/Content/Maps/Templates/OpenWorld/_Generated_/6U1Q6DZVXYENNRFSLB9Q4MBCV.uexp" 1838
"../../../Engine/Content/Maps/Templates/OpenWorld/_Generated_/6U1Q6DZVXYENNRFSLB9Q4MBCV.ubulk" 1839
"../../../Engine/Content/Maps/Templates/OpenWorld/_Generated_/6U1Q6DZVXYENNRFSLB9Q4MBCV.umap" 1840
"../../../Engine/Content/Maps/Templates/OpenWorld/_Generated_/5Y4REHE1GDAJJ90DPEI1VVKT8.uexp" 1841
"../../../Engine/Content/Maps/Templates/OpenWorld/_Generated_/5Y4REHE1GDAJJ90DPEI1VVKT8.ubulk" 1842
"../../../Engine/Content/Maps/Templates/OpenWorld/_Generated_/5Y4REHE1GDAJJ90DPEI1VVKT8.umap" 1843
"../../../Engine/Content/Maps/Templates/OpenWorld/_Generated_/5YLXSWDD6B74X559RZ9RN5K99.uexp" 1844
"../../../Engine/Content/Maps/Templates/OpenWorld/_Generated_/5YLXSWDD6B74X559RZ9RN5K99.ubulk" 1845
"../../../Engine/Content/Maps/Templates/OpenWorld/_Generated_/5YLXSWDD6B74X559RZ9RN5K99.umap" 1846
"../../../Engine/Content/Maps/Templates/OpenWorld/_Generated_/47IZ3J3V5ZG6TMR3GM3VMJ2Y2.uexp" 1847
"../../../Engine/Content/Maps/Templates/OpenWorld/_Generated_/47IZ3J3V5ZG6TMR3GM3VMJ2Y2.ubulk" 1848
"../../../Engine/Content/Maps/Templates/OpenWorld/_Generated_/47IZ3J3V5ZG6TMR3GM3VMJ2Y2.umap" 1849
"../../../Engine/Content/Maps/Templates/OpenWorld/_Generated_/0YRZP86H9BCB7FYAVAQIEYRCY.uexp" 1850
"../../../Engine/Content/Maps/Templates/OpenWorld/_Generated_/0YRZP86H9BCB7FYAVAQIEYRCY.ubulk" 1851
"../../../Engine/Content/Maps/Templates/OpenWorld/_Generated_/0YRZP86H9BCB7FYAVAQIEYRCY.umap" 1852
"../../../Engine/Content/Maps/Templates/OpenWorld/_Generated_/264SVRNDEWW4MGWUIDC4BTIXK.uexp" 1853
"../../../Engine/Content/Maps/Templates/OpenWorld/_Generated_/264SVRNDEWW4MGWUIDC4BTIXK.ubulk" 1854
"../../../Engine/Content/Maps/Templates/OpenWorld/_Generated_/264SVRNDEWW4MGWUIDC4BTIXK.umap" 1855
"../../../Engine/Content/Maps/Templates/OpenWorld/_Generated_/EDEENOWTZDO3K761WYC6F62MH.uexp" 1856
"../../../Engine/Content/Maps/Templates/OpenWorld/_Generated_/EDEENOWTZDO3K761WYC6F62MH.ubulk" 1857
"../../../Engine/Content/Maps/Templates/OpenWorld/_Generated_/EDEENOWTZDO3K761WYC6F62MH.umap" 1858
"../../../Engine/Content/Maps/Templates/OpenWorld/_Generated_/1BX0BGYZ17G0U09675N1KG9F8.uexp" 1859
"../../../Engine/Content/Maps/Templates/OpenWorld/_Generated_/1BX0BGYZ17G0U09675N1KG9F8.ubulk" 1860
"../../../Engine/Content/Maps/Templates/OpenWorld/_Generated_/1BX0BGYZ17G0U09675N1KG9F8.umap" 1861
"../../../Engine/Content/Maps/Templates/OpenWorld/_Generated_/18QM8YK0GSQ018IPR6OT7RJC5.uexp" 1862
"../../../Engine/Content/Maps/Templates/OpenWorld/_Generated_/18QM8YK0GSQ018IPR6OT7RJC5.ubulk" 1863
"../../../Engine/Content/Maps/Templates/OpenWorld/_Generated_/18QM8YK0GSQ018IPR6OT7RJC5.umap" 1864
"../../../Engine/Content/Maps/Templates/OpenWorld/_Generated_/2NGRSF81RI2C7PGU0F4UWZ4QP.uexp" 1865
"../../../Engine/Content/Maps/Templates/OpenWorld/_Generated_/2NGRSF81RI2C7PGU0F4UWZ4QP.ubulk" 1866
"../../../Engine/Content/Maps/Templates/OpenWorld/_Generated_/2NGRSF81RI2C7PGU0F4UWZ4QP.umap" 1867
"../../../Engine/Content/Maps/Templates/OpenWorld/_Generated_/CTLYDDTL70JB2XY8IR8UZ41PX.uexp" 1868
"../../../Engine/Content/Maps/Templates/OpenWorld/_Generated_/CTLYDDTL70JB2XY8IR8UZ41PX.ubulk" 1869
"../../../Engine/Content/Maps/Templates/OpenWorld/_Generated_/CTLYDDTL70JB2XY8IR8UZ41PX.umap" 1870
"../../../Engine/Content/Maps/Templates/OpenWorld/_Generated_/BT99C0BD1H8P4P6YI5OOM83O3.uexp" 1871
"../../../Engine/Content/Maps/Templates/OpenWorld/_Generated_/BT99C0BD1H8P4P6YI5OOM83O3.ubulk" 1872
"../../../Engine/Content/Maps/Templates/OpenWorld/_Generated_/BT99C0BD1H8P4P6YI5OOM83O3.umap" 1873
"../../../Engine/Content/Maps/Templates/OpenWorld/_Generated_/CI21SMK3TPP9F7V768J0FQPFN.uexp" 1874
"../../../Engine/Content/Maps/Templates/OpenWorld/_Generated_/CI21SMK3TPP9F7V768J0FQPFN.ubulk" 1875
"../../../Engine/Content/Maps/Templates/OpenWorld/_Generated_/CI21SMK3TPP9F7V768J0FQPFN.umap" 1876
"../../../Engine/Content/Maps/Templates/OpenWorld/_Generated_/5JAFRUW7M8C40BCVQK2GXFJNJ.uexp" 1877
"../../../Engine/Content/Maps/Templates/OpenWorld/_Generated_/5JAFRUW7M8C40BCVQK2GXFJNJ.ubulk" 1878
"../../../Engine/Content/Maps/Templates/OpenWorld/_Generated_/5JAFRUW7M8C40BCVQK2GXFJNJ.umap" 1879
"../../../Engine/Content/Maps/Templates/OpenWorld/_Generated_/7W0EWM8OGZ345XSTZNS5AQMBI.uexp" 1880
"../../../Engine/Content/Maps/Templates/OpenWorld/_Generated_/7W0EWM8OGZ345XSTZNS5AQMBI.ubulk" 1881
"../../../Engine/Content/Maps/Templates/OpenWorld/_Generated_/7W0EWM8OGZ345XSTZNS5AQMBI.umap" 1882
"../../../Engine/Content/Maps/Templates/OpenWorld/_Generated_/9SC5WUA5JIS0UM415PBWV1RPM.uexp" 1883
"../../../Engine/Content/Maps/Templates/OpenWorld/_Generated_/9SC5WUA5JIS0UM415PBWV1RPM.ubulk" 1884
"../../../Engine/Content/Maps/Templates/OpenWorld/_Generated_/9SC5WUA5JIS0UM415PBWV1RPM.umap" 1885
"../../../Engine/Content/Maps/Templates/OpenWorld/_Generated_/14TWR481M9BR03G9I7NG4KINT.uexp" 1886
"../../../Engine/Content/Maps/Templates/OpenWorld/_Generated_/14TWR481M9BR03G9I7NG4KINT.ubulk" 1887
"../../../Engine/Content/Maps/Templates/OpenWorld/_Generated_/14TWR481M9BR03G9I7NG4KINT.umap" 1888
"../../../Engine/Content/Maps/Templates/OpenWorld/_Generated_/EVZZ44OOC35CBVX4NIVJ6ZF92.uexp" 1889
"../../../Engine/Content/Maps/Templates/OpenWorld/_Generated_/EVZZ44OOC35CBVX4NIVJ6ZF92.ubulk" 1890
"../../../Engine/Content/Maps/Templates/OpenWorld/_Generated_/EVZZ44OOC35CBVX4NIVJ6ZF92.umap" 1891
"../../../Engine/Content/Maps/Templates/OpenWorld/_Generated_/BXVJS9DZO1LTJ87VJXMLNXJ85.uexp" 1892
"../../../Engine/Content/Maps/Templates/OpenWorld/_Generated_/BXVJS9DZO1LTJ87VJXMLNXJ85.ubulk" 1893
"../../../Engine/Content/Maps/Templates/OpenWorld/_Generated_/BXVJS9DZO1LTJ87VJXMLNXJ85.umap" 1894
"../../../Engine/Content/Maps/Templates/OpenWorld/_Generated_/9NTQYTBKVO06SRUD63GKC165Y.uexp" 1895
"../../../Engine/Content/Maps/Templates/OpenWorld/_Generated_/9NTQYTBKVO06SRUD63GKC165Y.ubulk" 1896
"../../../Engine/Content/Maps/Templates/OpenWorld/_Generated_/9NTQYTBKVO06SRUD63GKC165Y.umap" 1897
"../../../Engine/Content/Maps/Templates/OpenWorld/_Generated_/5JYRKCDWVZW8AS85ROYF9H9AR.uexp" 1898
"../../../Engine/Content/Maps/Templates/OpenWorld/_Generated_/5JYRKCDWVZW8AS85ROYF9H9AR.ubulk" 1899
"../../../Engine/Content/Maps/Templates/OpenWorld/_Generated_/5JYRKCDWVZW8AS85ROYF9H9AR.umap" 1900
"../../../Engine/Content/Maps/Templates/OpenWorld/_Generated_/ETTXYQ53RP132MUZA505BMZBV.uexp" 1901
"../../../Engine/Content/Maps/Templates/OpenWorld/_Generated_/ETTXYQ53RP132MUZA505BMZBV.ubulk" 1902
"../../../Engine/Content/Maps/Templates/OpenWorld/_Generated_/ETTXYQ53RP132MUZA505BMZBV.umap" 1903
"../../../Engine/Content/Maps/Templates/OpenWorld/_Generated_/DQ6VH2NBB7RXPEUMYIX9HP52D.uexp" 1904
"../../../Engine/Content/Maps/Templates/OpenWorld/_Generated_/DQ6VH2NBB7RXPEUMYIX9HP52D.ubulk" 1905
"../../../Engine/Content/Maps/Templates/OpenWorld/_Generated_/DQ6VH2NBB7RXPEUMYIX9HP52D.umap" 1906
"../../../Engine/Content/Maps/Templates/OpenWorld/_Generated_/8MWLTTOWQ9MQISB0FTDRBG27N.uexp" 1907
"../../../Engine/Content/Maps/Templates/OpenWorld/_Generated_/8MWLTTOWQ9MQISB0FTDRBG27N.ubulk" 1908
"../../../Engine/Content/Maps/Templates/OpenWorld/_Generated_/8MWLTTOWQ9MQISB0FTDRBG27N.umap" 1909
"../../../Engine/Content/Maps/Templates/OpenWorld/_Generated_/52ROPPDGP6LV1T2TJ05NFM0XY.uexp" 1910
"../../../Engine/Content/Maps/Templates/OpenWorld/_Generated_/52ROPPDGP6LV1T2TJ05NFM0XY.ubulk" 1911
"../../../Engine/Content/Maps/Templates/OpenWorld/_Generated_/52ROPPDGP6LV1T2TJ05NFM0XY.umap" 1912
"../../../Engine/Content/Maps/Templates/OpenWorld/_Generated_/ERDR3X7GTNEIJLJS14Q6QZGUD.uexp" 1913
"../../../Engine/Content/Maps/Templates/OpenWorld/_Generated_/ERDR3X7GTNEIJLJS14Q6QZGUD.ubulk" 1914
"../../../Engine/Content/Maps/Templates/OpenWorld/_Generated_/ERDR3X7GTNEIJLJS14Q6QZGUD.umap" 1915
"../../../Engine/Content/Maps/Templates/OpenWorld/_Generated_/9CG6NSY5SPFUYJH4AIWXX1QD9.uexp" 1916
"../../../Engine/Content/Maps/Templates/OpenWorld/_Generated_/9CG6NSY5SPFUYJH4AIWXX1QD9.ubulk" 1917
"../../../Engine/Content/Maps/Templates/OpenWorld/_Generated_/9CG6NSY5SPFUYJH4AIWXX1QD9.umap" 1918
"../../../Engine/Content/Maps/Templates/OpenWorld/_Generated_/23ZR7LQ5LZ3FS0PMCR1ZKJBX5.uexp" 1919
"../../../Engine/Content/Maps/Templates/OpenWorld/_Generated_/23ZR7LQ5LZ3FS0PMCR1ZKJBX5.ubulk" 1920
"../../../Engine/Content/Maps/Templates/OpenWorld/_Generated_/23ZR7LQ5LZ3FS0PMCR1ZKJBX5.umap" 1921
"../../../Engine/Content/Maps/Templates/OpenWorld/_Generated_/5589EJ3YNAFY0K517GT76Z3EM.uexp" 1922
"../../../Engine/Content/Maps/Templates/OpenWorld/_Generated_/5589EJ3YNAFY0K517GT76Z3EM.ubulk" 1923
"../../../Engine/Content/Maps/Templates/OpenWorld/_Generated_/5589EJ3YNAFY0K517GT76Z3EM.umap" 1924
"../../../Engine/Content/Maps/Templates/OpenWorld/_Generated_/D1DN3JVAKT1IU41G7WQCLQRAM.uexp" 1925
"../../../Engine/Content/Maps/Templates/OpenWorld/_Generated_/D1DN3JVAKT1IU41G7WQCLQRAM.ubulk" 1926
"../../../Engine/Content/Maps/Templates/OpenWorld/_Generated_/D1DN3JVAKT1IU41G7WQCLQRAM.umap" 1927
"../../../Engine/Content/Maps/Templates/OpenWorld/_Generated_/11FM09D4X0P92LN4J15MPZWTO.uexp" 1928
"../../../Engine/Content/Maps/Templates/OpenWorld/_Generated_/11FM09D4X0P92LN4J15MPZWTO.ubulk" 1929
"../../../Engine/Content/Maps/Templates/OpenWorld/_Generated_/11FM09D4X0P92LN4J15MPZWTO.umap" 1930
"../../../Engine/Content/Maps/Templates/OpenWorld/_Generated_/8FBSR6G98CEOTI59LE9GFCH6X.uexp" 1931
"../../../Engine/Content/Maps/Templates/OpenWorld/_Generated_/8FBSR6G98CEOTI59LE9GFCH6X.ubulk" 1932
"../../../Engine/Content/Maps/Templates/OpenWorld/_Generated_/8FBSR6G98CEOTI59LE9GFCH6X.umap" 1933
"../../../Engine/Content/Maps/Templates/OpenWorld/_Generated_/5GC7QNJQ9XVF1C45OZMTCJC0G.uexp" 1934
"../../../Engine/Content/Maps/Templates/OpenWorld/_Generated_/5GC7QNJQ9XVF1C45OZMTCJC0G.ubulk" 1935
"../../../Engine/Content/Maps/Templates/OpenWorld/_Generated_/5GC7QNJQ9XVF1C45OZMTCJC0G.umap" 1936
"../../../Engine/Content/Maps/Templates/OpenWorld/_Generated_/DCTE9CM81UE50WYEPVQYX7F1G.uexp" 1937
"../../../Engine/Content/Maps/Templates/OpenWorld/_Generated_/DCTE9CM81UE50WYEPVQYX7F1G.ubulk" 1938
"../../../Engine/Content/Maps/Templates/OpenWorld/_Generated_/DCTE9CM81UE50WYEPVQYX7F1G.umap" 1939
"../../../Engine/Content/Maps/Templates/OpenWorld/_Generated_/6STUIE5HIVZGCEZANDWW93U27.uexp" 1940
"../../../Engine/Content/Maps/Templates/OpenWorld/_Generated_/6STUIE5HIVZGCEZANDWW93U27.ubulk" 1941
"../../../Engine/Content/Maps/Templates/OpenWorld/_Generated_/6STUIE5HIVZGCEZANDWW93U27.umap" 1942
"../../../Engine/Content/Maps/Templates/OpenWorld/_Generated_/0FO269CJJPT1KWUNPV8I3D7HF.uexp" 1943
"../../../Engine/Content/Maps/Templates/OpenWorld/_Generated_/0FO269CJJPT1KWUNPV8I3D7HF.ubulk" 1944
"../../../Engine/Content/Maps/Templates/OpenWorld/_Generated_/0FO269CJJPT1KWUNPV8I3D7HF.umap" 1945
